src,dst,time
53909e8a20f70186a0e2cb9a,5390b64020f70186a0f1991b,2005
53909fbd20f70186a0e438b6,53e9b614b7602d970416b8a5,2008
53909fca20f70186a0e45dd5,53e998f0b7602d970212e0e5,2007
5390a06e20f70186a0e4d272,5390979920f70186a0e00ae9,2008
5390a54620f70186a0e76bc0,53e9b527b7602d970405afa7,2009
5390a5dc20f70186a0e7f2a3,53e9b88bb7602d970445a7d1,2009
5390a93b20f70186a0ea00a2,53e9a987b7602d97032df6ee,2005
5390a93b20f70186a0ea0ef4,53e99e78b7602d970273bbb4,2010
5390a9a420f70186a0ea4cad,53909a9320f70186a0e23700,2023
5390a9a420f70186a0ea4f10,53e9af4db7602d970398ed67,2010
5390b00c20f70186a0ed51d1,5390958a20f70186a0df0244,2011
5390b00c20f70186a0ed5570,539099b320f70186a0e19b0b,2010
5390b13020f70186a0edcf20,53e9a2c8b7602d9702bd0c8f,2011
5390b1d220f70186a0ee15e1,5390a8b220f70186a0e9ccf6,2011
5390b36120f70186a0ef0eb3,53e99b26b7602d97023c072b,2006
5390b4c320f70186a0efe0f1,53e9aa8eb7602d970340934f,2012
5390b60d20f70186a0f1311a,53e9bbeab7602d9704844421,2011
5390b72d20f70186a0f204e0,5390a54620f70186a0e77e6a,2012
5390baa120f70186a0f3903e,55a3c9f465ce5cd7b3b7cb62,2013
5390bda020f70186a0f4689a,5390a1f820f70186a0e5deca,2013
5390bf1320f70186a0f50d20,5390a8dc20f70186a0e9e0ec,2013
5390c04520f70186a0f57dcd,53e9aa9cb7602d97034139ed,2013
53e9978ab7602d9701f47156,53e9b5c2b7602d970410cdb5,2006
53e997f1b7602d9701ff05bf,53e9a335b7602d9702c40c3e,2010
53e997fcb7602d9702004726,55a5bfa6612c6b12ab2cecc3,2006
53e99804b7602d970201847c,55a5d2a6612c6b12ab2e882e,2011
53e99808b7602d970201bb2c,55a41d70c91b587b096d435d,2008
53e99818b7602d97020316ae,55a45accc91b587b09790889,2011
53e99827b7602d9702048b23,53e9b221b7602d9703cbb76d,2006
53e9982cb7602d97020502f0,53e9b5d4b7602d9704124334,2004
53e9983db7602d9702067def,53e9b01cb7602d9703a74e93,2010
53e99866b7602d970209e9e6,55a38a2cc91b587b095a5a98,2007
53e9986eb7602d97020a993e,53e99e4db7602d9702714433,2007
53e9986eb7602d97020aa96c,548909d845ce471f90a61256,2011
53e9987db7602d97020b65fa,55a4d1c2612c6b12aafaf1eb,2006
53e998bfb7602d97020fae2a,55a5e47f612c6b12ab30f46e,2007
53e998bfb7602d97020fae2a,55a58707612c6b12ab204d8c,2007
53e998ceb7602d970210b750,53e9a1afb7602d9702aa6480,2007
53e998ceb7602d970210b758,55a4634ac91b587b097a35fb,2010
53e998e1b7602d970211dea1,53e99e4db7602d9702712bd9,2009
53e998f0b7602d9702130074,53e9b72db7602d97042c675c,2010
53e998f0b7602d9702130074,53e9afb4b7602d9703a051db,2010
53e9990db7602d970214d6af,53e998dbb7602d9702114fec,2005
53e99915b7602d9702152a00,55a4c965612c6b12aafa09d4,2009
53e99915b7602d9702153e6d,55a59cdb612c6b12ab26626b,2007
53e99937b7602d97021745ec,56d89edbdabfae2eee54e2f3,2011
53e9994cb7602d970218b452,53e9b1eab7602d9703c7f646,2009
53e99959b7602d970219b97d,53e99eedb7602d97027b65b5,2000
53e9997db7602d97021bc052,55a59576612c6b12ab24e913,2007
53e99998b7602d97021dfc91,53e9a6dfb7602d9703015b53,2005
53e999a6b7602d97021ec90c,53e9b91eb7602d97045051d3,2008
53e999adb7602d97021f20ef,53e9b44ab7602d9703f42c1d,2010
53e999b4b7602d97021fabf3,53e9a869b7602d97031b5064,2004
53e999d2b7602d97022160f5,53e9b75ab7602d97042fcc24,2008
53e999d8b7602d970221afa8,55a49d54612ca648689db52d,2006
53e999e0b7602d97022222c4,53e99a04b7602d970224e129,2005
53e999e7b7602d970222fa9f,55a46e94c91b587b097b969b,2009
53e999eeb7602d9702235fef,55a3ab46c91b587b095e985a,2007
53e99a20b7602d9702276744,53e99fd0b7602d97028a8f7e,2006
53e99a26b7602d970227cf3d,55a3b112c91b587b095f4a48,2011
53e99a2fb7602d97022898f7,53e9ba05b7602d9704608a19,2009
53e99a49b7602d97022a949e,55a47068612ca64868968b80,2010
53e99a49b7602d97022ac2ac,55a4eacc612c6b12aafe17b9,2004
53e99a57b7602d97022c20a2,55a39ba5c91b587b095c7f4f,2007
53e99a6eb7602d97022dfdb9,55a5e4ce612c6b12ab31051c,2007
53e99a9fb7602d9702318688,53e9b500b7602d9704032350,2010
53e99ac4b7602d9702344574,56d89edbdabfae2eee54e2f3,2010
53e99af7b7602d97023856be,53e9b304b7602d9703dcb1f0,2011
53e99b04b7602d9702395fda,55a42e72c91b587b096faab5,2008
53e99b21b7602d97023bb0e8,53e9b2dbb7602d9703d8acd1,2009
53e99b4ab7602d97023ee468,53e9a5f6b7602d9702f20fdb,2006
53e99b51b7602d97023f5079,53e9bb72b7602d97047b4cf2,2009
53e99b7fb7602d97024296f9,53e9ae1cb7602d9703830e67,2005
53e99b8db7602d97024362aa,53e99976b7602d97021b55af,2010
53e99b9bb7602d97024452e9,53e9a39eb7602d9702cada95,2013
53e99bdbb7602d9702481e52,53e9a67cb7602d9702fb03dd,2004
53e99bfeb7602d97024aa406,55a47e0e612ca648689855ee,2006
53e99c19b7602d97024c4204,53e9b365b7602d9703e485b2,2007
53e99c2fb7602d97024ddaa9,53e9afe1b7602d9703a33ba6,2008
53e99c3db7602d97024e8a2b,53e9b732b7602d97042cd0fa,2005
53e99c3db7602d97024ee304,53e9ae48b7602d970385d5da,2014
53e99c3db7602d97024ef497,53e99fc9b7602d97028a2191,2008
53e99c52b7602d97024fe7f1,55a3d429612ca648687a1727,2004
53e99c52b7602d9702500544,53e9a37ab7602d9702c8763f,2007
53e99c6eb7602d9702520bf6,55a46720612ca64868954ca7,2009
53e99c74b7602d9702523fb3,56d8356cdabfae2eee3c71c9,2009
53e99c8bb7602d970253ac0d,53e99cdfb7602d970259357f,2007
53e99c91b7602d970254039d,53e9abb2b7602d970355ecf6,2004
53e99c92b7602d9702547075,53e9a44fb7602d9702d6d842,2007
53e99cb4b7602d9702565143,558aa8a3e4b037c087586cd2,2012
53e99cb5b7602d97025689c2,53e9a5a8b7602d9702ed3778,2005
53e99cd1b7602d97025837b1,53e9998bb7602d97021cded7,2007
53e99cdfb7602d970259686e,53e9a5a8b7602d9702ed2c26,2007
53e99d04b7602d97025b8648,53e9a6f5b7602d970302e273,2008
53e99d2fb7602d97025e49ee,55a4a87dc91bf3b1cc42a9ab,2009
53e99d2fb7602d97025e83cd,53e9b68db7602d97041ff390,2004
53e99d58b7602d9702611826,53e99e6ab7602d970272f236,2009
53e99d65b7602d970261e1ac,53e9a216b7602d9702b18ef5,2006
53e99d6cb7602d97026269ba,55a3ca34c91b587b09629571,2006
53e99d80b7602d970263a0e7,53e99db8b7602d9702678942,2010
53e99d88b7602d9702645b37,53e99b4ab7602d97023eb179,2010
53e99d8eb7602d970264b39c,53e9bc88b7602d970490aab5,2008
53e99d96b7602d970264f5df,53e9ad48b7602d9703730804,2003
53e99d96b7602d9702650504,53e9bcfdb7602d9704986b8c,2009
53e99da4b7602d970265f0e9,53e99bc0b7602d9702465baf,2010
53e99da4b7602d97026640b0,53e999eeb7602d9702233817,2005
53e99daab7602d9702665d58,55a41594c91b587b096c49f6,2007
53e99daab7602d9702666008,53e9a987b7602d97032deb44,2008
53e99dbeb7602d970267b34f,53e99cbcb7602d9702571709,2005
53e99de9b7602d97026ac417,53e9b627b7602d9704181c08,2009
53e99e28b7602d97026ef871,53e999d9b7602d970222027b,2004
53e99e38b7602d97026f81df,55a5a31d612c6b12ab27c0b8,2010
53e99e3fb7602d9702704acb,55a3b1bac91b587b095f7322,2008
53e99e5bb7602d970271c9af,53e9b917b7602d97045012c9,2011
53e99e61b7602d9702728bfc,55a595c6612c6b12ab24fc24,2005
53e99e69b7602d970272b22d,53e9b2d2b7602d9703d820c8,2010
53e99e93b7602d9702757495,53e9b296b7602d9703d3ef7f,2008
53e99eb5b7602d970277d5b7,53e99b63b7602d9702408593,2008
53e99ed9b7602d97027a35e7,5390aca820f70186a0eb7ac8,2013
53e99ef4b7602d97027c329e,53e9b80fb7602d97043c5d18,2013
53e99efbb7602d97027c6e62,53e9a495b7602d9702db4e41,2010
53e99f11b7602d97027dc28c,55a3b89bc91b587b0960663b,2010
53e99f19b7602d97027e8328,55a516db612c6b12ab037287,2005
53e99f27b7602d97027f1fef,53e99a67b7602d97022d7263,2008
53e99f48b7602d97028196b2,53e999adb7602d97021effde,2009
53e99f4fb7602d970281daa1,53e99f48b7602d97028195fd,2006
53e99f4fb7602d9702820f29,55a4409f612ca648688e2cfe,2004
53e99f5db7602d9702831686,55a5b61e612c6b12ab2b66de,2006
53e99f64b7602d9702837981,53e9af19b7602d9703954da2,2008
53e99faeb7602d970288355a,53e9ba01b7602d97046022d7,2011
53e99fb5b7602d9702891937,53e9a162b7602d9702a53651,2008
53e99fbcb7602d9702893f13,53e99ccab7602d9702581fa2,2009
53e99fd6b7602d97028af405,53e9a12ab7602d9702a18ae3,2002
53e99fe4b7602d97028be98b,53e9b2dbb7602d9703d8fba8,2007
53e99fe9b7602d97028c8065,53e99d65b7602d970261c668,2009
53e99fe9b7602d97028c875f,55a4a054612ca648689e20fa,2004
53e9a002b7602d97028e3a87,55a4d1c2612c6b12aafaf1eb,2005
53e9a003b7602d97028e9426,53e9acfdb7602d97036d9922,2009
53e9a01fb7602d9702902ae0,53e9ad11b7602d97036f08b7,2010
53e9a03bb7602d970291e875,55a57b86612c6b12ab1e1f52,2009
53e9a066b7602d970294b014,53e9bad7b7602d970470993f,2008
53e9a073b7602d9702957c2f,55a4dfbe612c6b12aafc6a8a,2006
53e9a07ab7602d97029653ea,53e9adc2b7602d97037c5d15,2005
53e9a081b7602d97029671d1,53e9a848b7602d970318f191,2007
53e9a089b7602d970296e647,55a47f3b612ca64868987e34,2002
53e9a091b7602d97029776c6,53e9bb7fb7602d97047c2a1b,2008
53e9a0d8b7602d97029bf640,53e9b5dab7602d97041282c7,2010
53e9a0f4b7602d97029e19b8,55a42d6dc91b587b096f7769,2011
53e9a107b7602d97029f1aba,53e99a2ab7602d97022820e3,2008
53e9a114b7602d9702a0306d,53e9a3cdb7602d9702ce0db6,2011
53e9a131b7602d9702a23fbd,53e9bc2db7602d970489d1ef,2002
53e9a17fb7602d9702a744b8,53e9987db7602d97020ba106,2002
53e9a1a1b7602d9702a95d33,53e99ff5b7602d97028d52b7,2008
53e9a1a1b7602d9702a95d33,55a40251c91b587b0969d309,2008
53e9a1b5b7602d9702aa9219,53e997c1b7602d9701fad5eb,2009
53e9a1b5b7602d9702aa9219,53e9abc4b7602d9703572d08,2009
53e9a1b5b7602d9702aaa501,53e9bb37b7602d970477759f,2006
53e9a1c3b7602d9702aba3a9,53e99c3db7602d97024e9112,2007
53e9a1dbb7602d9702ada1df,53e99af7b7602d9702387f5d,2010
53e9a1e1b7602d9702adbd37,53e9b3b7b7602d9703e9c1d3,2006
53e9a1e2b7602d9702ae2f00,55a403cec91b587b096a0d4f,2007
53e9a1fbb7602d9702afdf4a,53e9b69eb7602d9704217354,2010
53e9a1fbb7602d9702afed7b,55a48897612ca648689a0ca5,2006
53e9a202b7602d9702b00afe,55a4016965ce5cd7b3c02393,2004
53e9a202b7602d9702b05eae,53e9b86db7602d9704436a61,2004
53e9a208b7602d9702b0b525,53e9b833b7602d97043ef43e,2009
53e9a208b7602d9702b0b525,55a4ae9a612ca648689ffcf3,2009
53e9a24db7602d9702b53bf7,53e9bc79b7602d97048fac5e,2018
53e9a26ab7602d9702b71fbd,53e9bd4bb7602d97049de0fb,2009
53e9a291b7602d9702b96990,53e9b037b7602d9703a97328,2007
53e9a2acb7602d9702bb2afc,53e9a554b7602d9702e797a9,2010
53e9a31eb7602d9702c25926,53e9a789b7602d97030c5ff9,2008
53e9a32eb7602d9702c36b0f,53e9ae89b7602d97038a7d8d,2007
53e9a351b7602d9702c5ae55,53e9a67cb7602d9702fb03dd,2007
53e9a351b7602d9702c5fe70,53e9a34ab7602d9702c54e5e,2003
53e9a366b7602d9702c6f88f,53e9a366b7602d9702c753d7,2009
53e9a366b7602d9702c72630,53e9b08ab7602d9703af684b,2005
53e9a36db7602d9702c7aecb,53e9aa73b7602d97033e7dcc,2009
53e9a374b7602d9702c82fec,55a5db00612c6b12ab2f9e9f,2009
53e9a396b7602d9702ca4281,53e9b321b7602d9703defbf0,2008
53e9a3b3b7602d9702cbf3af,55a3b121c91b587b095f57ec,2007
53e9a3c0b7602d9702ccfe9c,53e9a263b7602d9702b6d40d,2011
53e9a401b7602d9702d1e128,53e9b268b7602d9703d0cb01,2011
53e9a408b7602d9702d25ac8,55a5d7a6612c6b12ab2f2845,2008
53e9a487b7602d9702da519d,56d83575dabfae2eee3cabfa,2010
53e9a495b7602d9702db422b,53e9b762b7602d9704307358,2007
53e9a49cb7602d9702db9ac9,53e9af5ab7602d97039995e0,2004
53e9a4b2b7602d9702dd404a,53e9b82fb7602d97043e94d5,2011
53e9a4ddb7602d9702dfeeb5,53e9b1f2b7602d9703c899fc,2008
53e9a4f3b7602d9702e13e55,53e9bb37b7602d970477759f,2005
53e9a4f3b7602d9702e15177,53e9a232b7602d9702b35d6d,2009
53e9a4fbb7602d9702e1ec88,53e9b9d3b7602d97045c89fe,2010
53e9a51db7602d9702e3d6ae,53e99b56b7602d97023f6a99,2000
53e9a54eb7602d9702e703d3,53e9a051b7602d9702937c70,2009
53e9a563b7602d9702e8b5f2,55a4a91d612ca648689f374c,2005
53e9a570b7602d9702e9576f,53e99c59b7602d97025084b6,2009
53e9a577b7602d9702ea1743,53e99a85b7602d97022f7c3b,2005
53e9a584b7602d9702eb01b4,55a516db612c6b12ab037287,2006
53e9a59bb7602d9702ec6d66,53e9bafbb7602d97047357f8,2004
53e9a5afb7602d9702ed8585,53e9b78ab7602d9704332696,2003
53e9a5b7b7602d9702ee2ba8,53e99c60b7602d970250f975,2008
53e9a5f6b7602d9702f1f93f,53e9acadb7602d97036893b8,2011
53e9a603b7602d9702f2f59a,53e9ba17b7602d970461b4cc,2009
53e9a603b7602d9702f303b7,55a4daa7c91bf3b1cc484d1d,2010
53e9a603b7602d9702f303b7,53e9a63eb7602d9702f6bfdb,2010
53e9a627b7602d9702f59229,53e99ee6b7602d97027b1646,2008
53e9a62fb7602d9702f5e7f3,55a4cb8e612c6b12aafa3d0a,2010
53e9a63eb7602d9702f6c7fd,56d848ffdabfae2eeec5322a,2001
53e9a64ab7602d9702f77259,55a39834c91b587b095bf3d6,2009
53e9a64bb7602d9702f7e59c,55a45320612ca6486891de25,2002
53e9a650b7602d9702f81cd2,53e9b7d9b7602d970438c1cc,2008
53e9a658b7602d9702f8c725,53e9b349b7602d9703e22052,2005
53e9a66eb7602d9702f9f863,53e99e4db7602d9702714433,2003
53e9a689b7602d9702fbf1dc,53e9a4d6b7602d9702df52f6,2008
53e9a6a5b7602d9702fd650d,53e9a841b7602d970318caab,2002
53e9a6cab7602d9702fff645,53e9af4db7602d9703990256,2008
53e9a6fdb7602d97030319c5,55a4db5d612c6b12aafbe863,2005
53e9a711b7602d9703045439,53e9b181b7602d9703c0b127,2005
53e9a720b7602d970305a195,53e9b39db7602d9703e81bb3,2011
53e9a720b7602d970305a195,53e99db7b7602d9702673ed5,2011
53e9a72eb7602d9703062c7a,55a45853612ca6486892f0ef,2009
53e9a734b7602d9703069bcc,55a5ed11612c6b12ab31ef0d,2006
53e9a73cb7602d9703073275,53e9b833b7602d97043ec43f,2006
53e9a790b7602d97030c9bc9,55a5b883612c6b12ab2ba98a,2006
53e9a7a6b7602d97030e4793,53e99c13b7602d97024c34f0,2007
53e9a7bab7602d97030f45b3,55a48b8a612ca648689a77cd,2005
53e9a7ddb7602d970311b51f,53e9b10fb7602d9703b8d904,2011
53e9a7feb7602d97031408e1,53e9a682b7602d9702fb4b04,2011
53e9a7ffb7602d970314219f,539098dc20f70186a0e0d2e0,2011
53e9a806b7602d970314a188,53e9bca5b7602d9704923bb4,2010
53e9a80cb7602d97031520ce,53e9aecbb7602d97038f399b,2009
53e9a824b7602d970316a5c3,53e9b98bb7602d970457ec92,2008
53e9a839b7602d970318527c,53e99f11b7602d97027df477,2011
53e9a855b7602d97031a27f6,53e99ddbb7602d970269e2bc,2007
53e9a86fb7602d97031bb663,55a507d5612c6b12ab018cbe,2005
53e9a885b7602d97031d0585,53e9a60ab7602d9702f37035,2008
53e9a8a3b7602d97031f0b66,53e9a1f3b7602d9702af4894,2008
53e9a8e3b7602d97032357e3,53e9a9e6b7602d9703347969,2007
53e9a906b7602d970325a4cf,53e9a0e6b7602d97029d09a3,2007
53e9a906b7602d970325a4cf,53e999a5b7602d97021e7bfc,2007
53e9a922b7602d9703275c73,53e9b627b7602d970417ee30,2008
53e9a930b7602d9703281a9a,53e9b9e7b7602d97045e0afc,2009
53e9a937b7602d9703289719,53e9be86b7602d9704b4673b,2009
53e9a93eb7602d9703291fef,53e999adb7602d97021f3344,2006
53e9a95db7602d97032b4e07,53e9b895b7602d9704469539,2006
53e9a95eb7602d97032b7e5b,55a41cd9c91b587b096d2b1e,2011
53e9a9ebb7602d970334da37,53e9aa66b7602d97033dacee,2013
53e9a9ebb7602d9703352c2d,53e9a37ab7602d9702c8763f,2004
53e9a9fdb7602d9703368565,55a46816c91b587b097ae585,2010
53e9aa0fb7602d9703379408,55a3c1d7c91b587b09616dad,2010
53e9aa1db7602d9703387eb5,53e9b78ab7602d9704332696,2003
53e9aa1db7602d970338be5b,53e9aa7ab7602d97033f2dcd,2010
53e9aa23b7602d970338f1c6,53e99c21b7602d97024d207a,2008
53e9aa32b7602d97033a17ca,53e9b500b7602d970402e9b8,2011
53e9aa4fb7602d97033bde58,53e9b0d1b7602d9703b4d330,2007
53e9aa61b7602d97033d503c,55a5e19f612c6b12ab306065,2007
53e9aa61b7602d97033d503c,55a37eb3c91b587b09590fce,2007
53e9aa67b7602d97033de6f9,53e9bb08b7602d9704740372,2010
53e9aa73b7602d97033e77e4,53e9b790b7602d9704339605,2011
53e9aa86b7602d97033fd05f,53e9a92ab7602d970327a2ef,2005
53e9aac2b7602d970343e5b9,53e9a23eb7602d9702b44083,2011
53e9aae5b7602d9703464685,53e9aee4b7602d9703912459,2009
53e9aaf3b7602d9703477bc5,53e99f50b7602d9702823047,2008
53e9aafab7602d9703479a43,53e9a5f6b7602d9702f25e2c,2013
53e9ab0eb7602d9703495066,55a3b5a365ce5cd7b3b49049,2013
53e9ab1ab7602d97034a0179,55a5ae75612c6b12ab2a12b5,2009
53e9ab25b7602d97034ac64d,53e9a011b7602d97028f7434,2009
53e9ab4fb7602d97034e1e89,53e9a10db7602d97029f9782,2010
53e9ab5ab7602d97034f4383,53e9a645b7602d9702f74f91,2002
53e9ab5fb7602d97034fc270,55a391a5c91b587b095b4e04,2005
53e9ab7eb7602d9703524ac9,53e99f5cb7602d970282f2fb,2010
53e9ab89b7602d97035317e3,55a3d5f3c91b587b0963ffd5,2008
53e9abaab7602d970355a0f5,53e9b444b7602d9703f4038d,2006
53e9abc9b7602d970357bfff,55a44471612ca648688eef30,2004
53e9abc9b7602d970357ef9d,53e9b1f2b7602d9703c899fc,2009
53e9abc9b7602d970357ef9d,53e9ad72b7602d9703762716,2009
53e9abdab7602d9703594cdb,53e99f42b7602d970281403e,2008
53e9abe5b7602d97035a0e0b,53e9baecb7602d970471b047,2005
53e9abe5b7602d97035a3e4b,53e9b2dbb7602d9703d8d5c0,2009
53e9abe5b7602d97035a4948,53e9b945b7602d970452e57c,2010
53e9abebb7602d97035a99bd,5390b0ca20f70186a0ed9ed9,2014
53e9ac19b7602d97035dc0a4,53e9ad2cb7602d970370c2ff,2009
53e9ac48b7602d9703614d34,55a44689612ca648688f758f,2008
53e9ac69b7602d970363bbc1,53e9ac12b7602d97035d13cb,2010
53e9ac69b7602d970363bbc1,53e9b010b7602d9703a68688,2010
53e9ac70b7602d9703643033,55a39c2765ce5cd7b3b0f92d,2008
53e9ac70b7602d9703646112,55a4dfbe612c6b12aafc6a8a,2008
53e9ac89b7602d9703661c06,53e9a6f5b7602d970302df37,2010
53e9ac89b7602d9703662e86,53e99b26b7602d97023c1699,2010
53e9ac89b7602d9703663098,53e9a766b7602d970309dfb2,2007
53e9aca8b7602d9703686c87,53e9a618b7602d9702f45b18,2009
53e9acaeb7602d970368c21f,55a44f1ac91b587b09771f1b,2011
53e9acbcb7602d9703697b92,53e99e4db7602d9702714433,2008
53e9acdab7602d97036b912f,53e99e4db7602d970271263d,2010
53e9acdbb7602d97036bb372,55a48cb4612ca648689aa42e,2007
53e9ace8b7602d97036c3bde,53e9992ab7602d97021650cd,2002
53e9ad04b7602d97036e35c4,53e9b037b7602d9703a97328,2009
53e9ad11b7602d97036f08b7,53e9a01fb7602d9702902ae0,2010
53e9ad11b7602d97036f14b2,53e99e0cb7602d97026d1251,2007
53e9ad12b7602d97036f3636,53e9b115b7602d9703b930ee,2011
53e9ad18b7602d97036fac4f,55a46ef7c91b587b097ba9bf,2010
53e9ad42b7602d970372523e,53e9a4ebb7602d9702e0d11f,2012
53e9ad72b7602d970375f2de,53e9ad0ab7602d97036e8316,2007
53e9ad72b7602d970375f2de,55a5a79c612c6b12ab28e6c6,2007
53e9ad81b7602d9703774fe0,55a4b839612ca64868a14e28,2005
53e9ad98b7602d9703792abe,55a48b8a612ca648689a77cd,2008
53e9addbb7602d97037e7a73,55a5d2a6612c6b12ab2e882e,2008
53e9ade8b7602d97037efbff,53e9b512b7602d9704048f4f,2009
53e9ae04b7602d970380f49b,55a3ab9dc91b587b095eb1a8,2007
53e9ae17b7602d9703824016,53e9a073b7602d970295a988,2009
53e9ae42b7602d9703858594,53e9a3b3b7602d9702cbf3af,2010
53e9ae4fb7602d9703869dd5,55a4fd8d612c6b12ab00c2a7,2008
53e9ae4fb7602d9703869fd1,55a5a2d4612c6b12ab27b672,2011
53e9ae55b7602d970386d91d,55a37ce1c91b587b0958aab3,2007
53e9ae69b7602d9703883a0f,53e9ac8fb7602d970366516d,2006
53e9ae76b7602d97038950f2,55a57b3d612c6b12ab1e1554,2009
53e9ae7db7602d970389ca35,53e999cbb7602d970221021b,2010
53e9ae7db7602d970389e501,53e99a04b7602d970224e129,2010
53e9ae84b7602d97038a4e81,53e9bb01b7602d97047386dd,2009
53e9ae90b7602d97038aeb96,55a4f0ab612c6b12aafead59,2009
53e9ae90b7602d97038af5db,53e99bffb7602d97024abb79,2021
53e9aeabb7602d97038cfc59,55a3b112c91b587b095f4a48,2008
53e9aeb1b7602d97038d48f6,5390881220f70186a0d7e29b,2012
53e9aeb2b7602d97038d896b,53e99f69b7602d9702839f80,2009
53e9aeb2b7602d97038d931d,53e9a26ab7602d9702b6f0e3,2008
53e9aecbb7602d97038f21d8,53e9a90db7602d970325cdb9,2006
53e9aed1b7602d97038fd26a,53e9b815b7602d97043c9d26,2009
53e9aedeb7602d970390c8cc,53e99b6ab7602d970240dcbf,2007
53e9aeeab7602d97039143f7,53e9b428b7602d9703f1e559,2002
53e9af00b7602d970393365e,55a5948c612c6b12ab24c54d,2009
53e9af0cb7602d9703940065,53e9ac19b7602d97035db518,2011
53e9af19b7602d97039553d1,53e9a37ab7602d9702c8763f,2004
53e9af1fb7602d9703959710,53e9b6eeb7602d970427ed95,2011
53e9af1fb7602d9703959710,55a5a959612c6b12ab2961f2,2011
53e9af26b7602d970395edee,53e9ad72b7602d9703762716,2009
53e9af33b7602d970396f41a,55a45295612ca6486891affb,2003
53e9af4db7602d970398f3bb,53e9a2c0b7602d9702bc742e,2008
53e9af5ab7602d9703998a62,53e9abe0b7602d970359bf7d,2009
53e9af8eb7602d97039d882e,53e99f2eb7602d97027fb0e0,2011
53e9af99b7602d97039e2c37,53e998b0b7602d97020e9e0b,2008
53e9af99b7602d97039e51ff,53e999adb7602d97021f21a2,2009
53e9afb4b7602d9703a051db,53e9b72db7602d97042c675c,2004
53e9afbab7602d9703a090b3,53e99b86b7602d970242dee0,2004
53e9afbab7602d9703a0af08,53e9b976b7602d970456758e,2011
53e9afc7b7602d9703a16d47,55a59224612c6b12ab2430c3,2010
53e9afd3b7602d9703a2679d,53e99f64b7602d97028361f5,2005
53e9afdab7602d9703a2b8da,55a46e89c91b587b097b8df0,2010
53e9afe8b7602d9703a395e0,55a46abfc91b587b097b2b38,2011
53e9afefb7602d9703a45291,53e9a415b7602d9702d308d4,2001
53e9affbb7602d9703a562ca,55a4221cc91b587b096df8be,2008
53e9b049b7602d9703aac677,53e9b09fb7602d9703b07bdf,2011
53e9b05cb7602d9703abe99e,53e9a922b7602d9703277fdb,2004
53e9b05cb7602d9703ac02c1,53e998a3b7602d97020db33e,2004
53e9b0abb7602d9703b183e0,56d89ab1dabfae2eee3463c7,2005
53e9b0c2b7602d9703b33fee,55a42d7cc91b587b096f838b,2012
53e9b0c7b7602d9703b3a856,53e9be80b7602d9704b40410,2010
53e9b0ccb7602d9703b42ba7,53e9b2ffb7602d9703dc0a1a,2004
53e9b0deb7602d9703b5763d,53e9b96eb7602d970455d997,2007
53e9b124b7602d9703ba2f02,55a44f7bc91b587b097736f7,2009
53e9b14bb7602d9703bcee08,53e9a209b7602d9702b0e1b0,2011
53e9b14cb7602d9703bd1375,55a592c5612c6b12ab24480c,2008
53e9b153b7602d9703bda458,53e9ab32b7602d97034c181f,2012
53e9b160b7602d9703be298d,53e9afe1b7602d9703a37de8,2002
53e9b160b7602d9703be33ac,53e9bb29b7602d97047698f3,2007
53e9b174b7602d9703bfaacc,55a3d429612ca648687a1727,2003
53e9b189b7602d9703c1194e,53e9b791b7602d97043398b0,2008
53e9b195b7602d9703c1ef8e,53e9bb15b7602d970474e183,2010
53e9b195b7602d9703c20927,53e999d8b7602d970221afa8,2008
53e9b19cb7602d9703c2a398,53e9b5ceb7602d9704119806,2006
53e9b1c3b7602d9703c5447d,53e99a35b7602d97022955ae,2009
53e9b1cab7602d9703c5cd4a,53e99bf8b7602d97024a51e1,2008
53e9b1f8b7602d9703c8fbfb,53e9ab97b7602d97035440d0,2011
53e9b227b7602d9703cbdd73,53e9b63bb7602d97041988a9,2005
53e9b234b7602d9703cd12b2,55a48eb2612ca648689adfc3,2006
53e9b239b7602d9703cd4612,56d88b0cdabfae2eeeb6f3d8,2010
53e9b23ab7602d9703cd9c67,55a45172612ca648689184ee,2009
53e9b259b7602d9703cf8619,55a3b054c91b587b095f4738,2009
53e9b260b7602d9703d03a84,53e9aac3b7602d970343ea3a,2004
53e9b268b7602d9703d0d01d,539099a220f70186a0e181b5,2009
53e9b275b7602d9703d1944c,55a4bea7612ca64868a22798,2004
53e9b281b7602d9703d2903e,53e9bd8cb7602d9704a32092,2008
53e9b2bfb7602d9703d6a206,53e9a77bb7602d97030b7a5a,2007
53e9b2ccb7602d9703d79224,56d8706fdabfae2eeef0674f,2012
53e9b2d6b7602d9703d84b06,53e9b8d4b7602d97044b420a,2014
53e9b2d7b7602d9703d87194,53e9b42fb7602d9703f28a3d,2008
53e9b2dbb7602d9703d91b3a,55a4b839612ca64868a14e28,2005
53e9b2e5b7602d9703d9b0b4,53e9b40eb7602d9703f024ff,2010
53e9b2f0b7602d9703daee61,53e9a2adb7602d9702bb7704,2009
53e9b310b7602d9703dd494a,55a3c20a65ce5cd7b3b5fd87,2014
53e9b321b7602d9703deecde,55a49dbfc91bf3b1cc40aaa9,2010
53e9b326b7602d9703df7b99,53e99fb4b7602d970288d30c,2006
53e9b32bb7602d9703df9967,53e9bd4bb7602d97049dc514,2011
53e9b32bb7602d9703dff363,53e9b9a6b7602d97045960a2,2006
53e9b331b7602d9703e02a96,55a5e2d0612c6b12ab30aa67,2007
53e9b355b7602d9703e32995,55a39c2765ce5cd7b3b0f92d,2009
53e9b36cb7602d9703e4d83c,53e9af1fb7602d9703959710,2011
53e9b39db7602d9703e835c0,55a4a6b1c91bf3b1cc4254ce,2010
53e9b3abb7602d9703e8c8a3,53e9ab89b7602d9703532dae,2008
53e9b3abb7602d9703e906c1,539098dc20f70186a0e0d2e0,2010
53e9b403b7602d9703ef2c27,53e99a52b7602d97022b5930,2007
53e9b428b7602d9703f1e559,53e9aeeab7602d97039143f7,2002
53e9b428b7602d9703f1f9c2,53e99e0bb7602d97026cc940,2002
53e9b42fb7602d9703f28a3d,55a48bce612ca648689a84bf,2005
53e9b45eb7602d9703f5b219,53e99dc5b7602d970268675e,2008
53e9b45eb7602d9703f5c7b2,55a4688e612ca64868958416,2010
53e9b46fb7602d9703f71f1a,55a3e6b5c91b587b096617c4,2009
53e9b476b7602d9703f78d35,53e9a84fb7602d970319b00c,2008
53e9b47cb7602d9703f7dba5,55a441d5612ca648688e6658,2007
53e9b4b4b7602d9703fc7738,53e9a2ecb7602d9702bf572d,2005
53e9b4eeb7602d9704017991,53e9a464b7602d9702d7f024,2008
53e9b511b7602d9704043043,53e99d21b7602d97025d63f3,2003
53e9b520b7602d970405311b,53e9acfeb7602d97036db632,2010
53e9b52db7602d9704065c93,53e99d4bb7602d9702602d44,2003
53e9b550b7602d970408b614,53e9aa61b7602d97033d4085,2005
53e9b55db7602d970409367a,53e9b089b7602d9703af1f05,2006
53e9b565b7602d970409f4b4,53e997fcb7602d9702004726,2009
53e9b581b7602d97040c2cc0,53e9a73cb7602d97030770e1,2007
53e9b587b7602d97040cbf21,53e9ad1fb7602d97037022c4,2007
53e9b58db7602d97040ceb99,53e9a877b7602d97031c61a9,2010
53e9b594b7602d97040dc07f,53e9a4c0b7602d9702ddfaba,2007
53e9b59ab7602d97040dca70,53e9aba4b7602d97035508d4,2004
53e9b5a1b7602d97040e41f4,53e999e7b7602d970222cf64,2010
53e9b5b6b7602d97040fd2f9,55a45675612ca64868929c60,2008
53e9b5b6b7602d97040fe4e5,55a3ca35c91b587b0962965a,2005
53e9b5cfb7602d970411e228,53e99de1b7602d97026a2e2d,2008
53e9b60eb7602d9704165c07,53e9b24eb7602d9703cee632,2009
53e9b614b7602d970416a9e9,53e9a298b7602d9702b9f356,2009
53e9b614b7602d970416b05c,53e9a01fb7602d9702905209,2008
53e9b61bb7602d97041707bf,55a45672612ca64868928f21,2010
53e9b621b7602d9704177461,53e9998bb7602d97021d0a58,2010
53e9b672b7602d97041d95c6,53e9993fb7602d970217acdd,2003
53e9b689b7602d97041f915c,55a5d8b7612c6b12ab2f4017,2008
53e9b693b7602d9704205d6d,53e9ae43b7602d970385be8d,2011
53e9b6b4b7602d970423b17f,55a49875612ca648689c70e8,2005
53e9b6cbb7602d970425799b,53e9a073b7602d9702957c2f,2010
53e9b6d0b7602d97042598dc,53e9b3f6b7602d9703ee98dd,2007
53e9b6e2b7602d97042758d3,53e9b289b7602d9703d2ef59,2008
53e9b6eeb7602d970427eae9,53e9ac69b7602d970363a9b7,2009
53e9b6f4b7602d97042870d8,55a453f4612ca64868920871,2011
53e9b71cb7602d97042b1929,55a5bb64612c6b12ab2c3cd0,2007
53e9b72db7602d97042c675c,53e9bb36b7602d9704771c53,2003
53e9b73ab7602d97042d2dcc,53e9a698b7602d9702fc9eb1,2011
53e9b740b7602d97042da94c,55a497a3612ca648689c4387,2010
53e9b746b7602d97042df4df,5390880d20f70186a0d7d1d4,2009
53e9b74ab7602d97042e757c,53e9a34ab7602d9702c54e5e,2005
53e9b775b7602d9704317be8,53e9b1f8b7602d9703c8a6fa,2010
53e9b78ab7602d9704332696,53e9a5afb7602d9702ed8585,2003
53e9b79fb7602d9704349f0b,55a508d3612c6b12ab01abad,2005
53e9b7a5b7602d970434c2d7,53e99a92b7602d970230ae10,2009
53e9b7b4b7602d970435c307,5390a74f20f70186a0e8bf67,2013
53e9b7c7b7602d970436ffe8,55a3c1ccc91b587b096162f5,2008
53e9b7cdb7602d970437d515,55a5e451612c6b12ab30e26c,2010
53e9b7e8b7602d9704399edd,55a5e47e612c6b12ab30f09d,2009
53e9b808b7602d97043bf9cc,53e99ec3b7602d970278c4fe,2006
53e9b810b7602d97043c6601,55a51267612c6b12ab02f659,2008
53e9b815b7602d97043cde0e,53e999bbb7602d97021fda23,2007
53e9b823b7602d97043dc83d,53e9a15bb7602d9702a49ca8,2009
53e9b833b7602d97043f257f,55a3e002c91b587b0965320d,2010
53e9b857b7602d970441a530,55a4e8dc612c6b12aafdd493,2010
53e9b866b7602d970442ee3d,55a4973ac91bf3b1cc3fcb26,2011
53e9b86db7602d9704437bb4,53e9a37ab7602d9702c8763f,2008
53e9b88bb7602d970445e1b4,53e9b9f5b7602d97045efaf6,2010
53e9b895b7602d9704468fc2,53e9b055b7602d9703abb310,2009
53e9b8a8b7602d9704481e6a,5390962020f70186a0df49e7,2005
53e9b8a8b7602d9704481f97,55a3c5e1c91b587b0961ec17,2007
53e9b8b3b7602d970448e783,53908a4020f70186a0d9d50d,2013
53e9b8b4b7602d9704490f0e,53e9b5edb7602d9704142170,2009
53e9b8b4b7602d97044947bd,55a4ec0d612c6b12aafe647d,2008
53e9b8cdb7602d97044b016f,53e9a3b3b7602d9702cbf3af,2009
53e9b8cdb7602d97044b1ab1,55a3da44c91b587b096486d2,2008
53e9b8d4b7602d97044b525d,53e9a5fdb7602d9702f2bc22,2003
53e9b8d5b7602d97044b8cfa,55a38ee765ce5cd7b3ae7ee8,2011
53e9b8e0b7602d97044c0864,53e9a202b7602d9702b05eae,2010
53e9b8e1b7602d97044c3ecb,53e9b098b7602d9703b042e8,2009
53e9b8e8b7602d97044cad59,55a4b839612ca64868a14e28,2006
53e9b8fcb7602d97044e3203,53e9bc21b7602d97048888a2,2010
53e9b910b7602d97044f6661,53e9bd04b7602d970498b68b,2010
53e9b911b7602d97044fb083,53e9b08ab7602d9703af684b,2004
53e9b917b7602d97044fc7a7,53e9bc0ab7602d970486c5ae,2004
53e9b930b7602d97045197d8,53e9b991b7602d970458261f,2005
53e9b930b7602d97045197d8,55a5a956612c6b12ab2955f3,2005
53e9b95bb7602d970454a161,53e9aa2bb7602d9703395fb9,2009
53e9b961b7602d970454bb3e,55a45fa3612ca64868945add,2007
53e9b96eb7602d970455ce46,53e9a162b7602d9702a54cb6,2008
53e9b96fb7602d9704561318,55a469f2612ca6486895bd2b,2007
53e9b97cb7602d970456c16b,53e9b37ab7602d9703e59700,2006
53e9b98bb7602d970457d33c,55a501a4c91bf3b1cc4c50d6,2010
53e9b991b7602d9704581530,53e99efbb7602d97027c7f75,2009
53e9b9b9b7602d97045accde,53e9a042b7602d9702929f34,2009
53e9b9bab7602d97045b0289,53e9a34ab7602d9702c54e5e,2008
53e9b9bab7602d97045b0289,53e9a351b7602d9702c5fe70,2008
53e9b9e1b7602d97045d6e0c,53e99d65b7602d970261c668,2010
53e9b9e7b7602d97045e51d8,53e9b607b7602d970415b1d0,2009
53e9ba05b7602d970460878d,53e9bcc1b7602d9704943992,2009
53e9ba11b7602d97046121b8,55a483a4612ca64868992790,2013
53e9ba17b7602d970461eb28,53e9b350b7602d9703e25769,2006
53e9ba23b7602d970462e3a1,53e9ab89b7602d9703532dae,2006
53e9ba2db7602d970463bbc3,53e9b873b7602d970443e44a,2011
53e9ba32b7602d9704640b08,53e9bd4bb7602d97049d8f37,2008
53e9ba65b7602d9704686356,53e9aac3b7602d9703440790,2010
53e9ba76b7602d97046999df,55a4eb15612c6b12aafe376a,2005
53e9ba76b7602d970469b735,53e9a178b7602d9702a67af4,2001
53e9babab7602d97046e6ce6,53e9a8a2b7602d97031ed9e4,2008
53e9bb08b7602d9704743d2b,53e99cb5b7602d9702568965,2010
53e9bb15b7602d970474e183,55a4b7a1612ca64868a1380b,2006
53e9bb15b7602d970474e24f,55a49875612ca648689c70e8,2003
53e9bb15b7602d970474fe55,53e9a8f2b7602d9703243886,2009
53e9bb3db7602d970477d19f,53e9b40eb7602d9703f03c41,2005
53e9bb4bb7602d9704788188,53e9a36db7602d9702c76974,2010
53e9bb53b7602d9704794e58,53e9b2b8b7602d9703d608a6,2007
53e9bb67b7602d97047a8d74,55a452d6612ca6486891bb8f,2006
53e9bb67b7602d97047ab26e,56d8733bdabfae2eee04a026,2010
53e9bb6cb7602d97047afeb3,55a433f6c91b587b0971039f,2010
53e9bb73b7602d97047b9f61,53e9a8d4b7602d9703221b90,2009
53e9bb7ab7602d97047bb909,55a3c3cdc91b587b09619e06,2009
53e9bb7fb7602d97047c1f8a,53e9b33db7602d9703e0eb62,2009
53e9bb93b7602d97047da6a1,53e9bdf6b7602d9704aa6b19,2006
53e9bb93b7602d97047da6a1,53e9bd55b7602d97049ee0c1,2006
53e9bbadb7602d97047f5325,55a48a23612ca648689a3ef6,2008
53e9bbadb7602d97047f5c05,53e9a31fb7602d9702c26e47,2005
53e9bbc2b7602d9704811e78,53e9b655b7602d97041b37e6,2011
53e9bbcfb7602d970481e9ab,53e9b0edb7602d9703b67eda,2010
53e9bbdbb7602d97048282d0,53e9af4db7602d970398ed67,2009
53e9bbdbb7602d970482a493,56d81f80dabfae2eeeb22846,2016
53e9bbf5b7602d9704852740,53e9b833b7602d97043ec43f,2007
53e9bc15b7602d970487d2ef,55a500b7612c6b12ab010955,2006
53e9bc2db7602d970489c492,53e99c92b7602d9702546c9e,2005
53e9bc48b7602d97048bf3b2,55a4e113612c6b12aafcbbef,2011
53e9bc5bb7602d97048d5385,53e99abeb7602d970233ebd2,2009
53e9bc68b7602d97048e595d,53e99d51b7602d9702608674,2008
53e9bc6eb7602d97048e761b,55a4b7a1612ca64868a1380b,2013
53e9bc79b7602d97048f95c3,53e9b0e6b7602d9703b62772,2009
53e9bc96b7602d9704917c02,55a4ea5ac91bf3b1cc4a00ca,2010
53e9bce1b7602d9704968bfc,55a38f0cc91b587b095af54f,2006
53e9bce8b7602d970496e3b7,53e9a401b7602d9702d19467,2009
53e9bd04b7602d970498aaee,55a4b32ac91bf3b1cc4464e8,2010
53e9bd1eb7602d97049a879b,53e9a952b7602d97032a9771,2006
53e9bd2ab7602d97049b724f,55a50e4a612c6b12ab02476c,2006
53e9bd31b7602d97049bc079,53e9a60ab7602d9702f3bda0,2008
53e9bd38b7602d97049c62c7,53e9a6edb7602d9703026624,2005
53e9bd3eb7602d97049c9dcc,53e9b010b7602d9703a654fc,2011
53e9bd5fb7602d97049f5ac9,53e9abfeb7602d97035c0ea9,2008
53e9bd70b7602d9704a109fb,53e9ab5ab7602d97034f4383,2007
53e9bd7bb7602d9704a206f0,55a45172612ca648689184ee,2009
53e9bd98b7602d9704a4252d,53e9a4fab7602d9702e1984e,2008
53e9bdb3b7602d9704a614eb,53e9ba6ab7602d970468a327,2006
53e9bdd4b7602d9704a850e7,55a3d7f765ce5cd7b3b9ab48,2022
53e9be43b7602d9704b0028a,53e9a6c2b7602d9702ff4873,2012
53e9cef4b7602d970554c41d,55a41f5365ce5cd7b3c527aa,2012
5488da9745ce147a86dc680d,53e9a547b7602d9702e6c6b8,2011
5488dbc245ce147a86dd4b4d,56d83b88dabfae2eee6238a0,2012
5488dbe845ce147a86dd5f4d,53e9ac9bb7602d970367629a,2012
5488de0445ce147a86de89ce,53e99c84b7602d970253522d,2011
5488de3b45ce147a86decd83,55a3be2e65ce5cd7b3b57384,2012
5488de4245ce147a86ded91b,55a46cdd65ce31bc877a42bf,2012
5488deba45ce147a86df171a,55a3e6b5c91b587b096617c4,2012
5488dfa045ce147a86df45ca,53e9a051b7602d9702933615,2012
5488dfa645ce147a86df4cd6,55a52b0ac91bf3b1cc50976b,2012
5488e00f45ce147a86dfa1d1,53e9ae4fb7602d970386ad62,2012
5488e0d645ce147a86dfe4e4,55a4bd0fc91bf3b1cc457f0a,2012
5488e11c45ce147a86e02132,54890fc745ce471f90ab8366,2012
5488e16e45ce147a86e05ca6,55a3d429612ca648687a1727,2012
5488e1b745ce147a86e09ab3,56d826a0dabfae2eeee12e7c,2012
5488e1fc45ce147a86e0df0f,53e9998bb7602d97021cd3bc,2012
5488e1fc45ce147a86e0e042,53e9ad72b7602d9703762716,2013
5488e1fe45ce147a86e0e399,53e9a758b7602d9703094820,2013
5488e22845ce147a86e11ecc,5488d89745ce147a86db6fed,2013
5488e26e45ce147a86e19580,53e9a4cfb7602d9702df2481,2013
5488e29745ce147a86e1a5ea,55a3d299c91b587b09639415,2013
5488e2aa45ce147a86e1cea8,55a41ee465ce5cd7b3c50f4c,2013
5488e2ac45ce147a86e1d1a7,55a5d7a6612c6b12ab2f2845,2013
5488e2f445ce147a86e25162,56d82105dabfae2eeebc5e83,2013
5488e34645ce147a86e2c9ff,53e9a31fb7602d9702c29285,2013
5488e36345ce147a86e2f5c3,5488da8445ce147a86dc585b,2013
5488e38a45ce147a86e343ed,55a41ee065ce5cd7b3c4fea0,2013
5488e38a45ce147a86e343ed,55a3e6b5c91b587b096617c4,2013
5488e38b45ce147a86e347fe,53e9af75b7602d97039b74af,2013
5488e38e45ce147a86e34af9,5488da4245ce147a86dc2e6b,2013
5488e39a45ce147a86e3652e,55a3ce3c65ce5cd7b3b84514,2013
5488e3e745ce147a86e3c4b3,53e9992ab7602d97021650cd,2013
5488e40145ce147a86e3f3b0,53e997a6b7602d9701f7dccf,2013
5488e53b45ce147a86e4df61,53e9ad3bb7602d970371ba95,2013
5488e65645ce147a86e5fdb2,53e9b884b7602d9704452d2c,2013
5488e69b45ce147a86e6627e,5489136045ce471f90b0fcbd,2013
5488e89045ce471f908f6c6a,55a3b112c91b587b095f4a48,2013
5488e8a845ce471f908f8c42,53e9a162b7602d9702a513dc,2013
5488e94f45ce471f90902284,53e9a791b7602d97030ce43c,2013
5488e96845ce471f90903b62,55a58184612c6b12ab1f2a2f,2013
5488e9e545ce471f9090d4e3,53e9a232b7602d9702b38fae,2013
5488e9e645ce471f9090d8c7,5488dfaf45ce147a86df56c8,2014
5488ea2645ce471f9091205a,53e9a81fb7602d9703165e1b,2013
5488ea4845ce471f90915499,53e9bd11b7602d970499801b,2014
5488ea5845ce471f90917180,53e9a2f3b7602d9702bfd061,2013
5488ea7a45ce471f90919c9d,53e9b8bab7602d9704499381,2013
5488f2bf45ce471f9096bb1a,56d83b57dabfae2eee6130b2,2003
5488fa5c45ce471f909ad3de,558a3ce684ae84d265bc6aa6,2006
5488fca245ce471f909bf971,53e99ec3b7602d970278c4fe,2007
5489009d45ce471f909e9be9,53e9b3efb7602d9703edd4e7,2008
5489035f45ce471f90a128a3,53e9be72b7602d9704b36758,2008
5489046845ce471f90a1b627,53e9a930b7602d97032807ae,2008
5489086445ce471f90a553b4,53e99e4db7602d9702714433,2008
54890c6745ce471f90a7d0a6,5390a74f20f70186a0e8bf67,2010
54890e4945ce471f90aa33ce,53e99b16b7602d97023a64c0,2010
54890f9a45ce471f90ab422c,53e9a9a9b7602d9703308f88,2010
54890ff745ce471f90abc8b5,53e9a264b7602d9702b6de08,2011
5489102a45ce471f90ac0e3d,53e99e7fb7602d9702744dac,2011
5489104a45ce471f90ac32f8,55a5d7a6612c6b12ab2f2845,2011
5489105245ce471f90ac4186,539095bb20f70186a0df2eab,2011
5489121d45ce471f90aed467,53e99b7eb7602d9702423895,2011
5489136a45ce471f90b10c1c,53e9aca7b7602d9703684ec5,2011
548913f145ce471f90b17dc6,55a3eb9365ce5cd7b3bcde03,2011
552622640cf23974698412b7,53e99a92b7602d970230b5cd,2014
55323e1445cec66b6f9e183e,56d89390dabfae2eeefbe3ce,2015
553929170cf26c551af54168,56d8297ddabfae2eeef2da7f,2014
553a79990cf288c3e22746b5,5390bb1d20f70186a0f3d35c,2014
553af31e0cf2d5f768993b7e,53e99931b7602d970216dc8c,2015
553bf3710cf2b2c73cb0456a,53e9a645b7602d9702f76571,2014
553bf5290cf2b2c73cb048b4,55a4c59f65ceb7cb02d7fe11,2014
553bfc200cf260430588b5fc,55a4b0a5612ca64868a0343b,2014
553c03de0cf2b2c73cb06748,55a3d5bf65ce5cd7b3b96015,2013
553c0a140cf2b2c73cb078eb,55a43cd1c91b587b09730c04,2014
55422aaf0cf262efd19f6596,55a52b1765ceb7cb02e32922,2015
554449ff0cf21eb1b91f05d6,55a5eba765cead59c82f9a09,2015
55444bca0cf21eb1b91f08c1,55a5ff3f65cead59c83247a5,2015
55444bca0cf21eb1b91f08c1,53e9a2e5b7602d9702bf12a4,2015
55444efe0cf21eb1b91f0dd1,53e99af7b7602d97023841a3,2014
5544c0b50cf249b056bc9ef5,55a37ba7c91b587b09587f57,2014
55465e260cf2939c2fee9eaa,53e9a8dbb7602d9703229a01,2015
55465e680cf2939c2feeaef1,56d81fe4dabfae2eeeb4d5e2,2015
55465ece0cf2939c2feec864,53e9a4cfb7602d9702df2481,2014
5548881e0cf2021872733419,53e9a2c0b7602d9702bc947a,2014
5548cecc0cf2abac7d03ff89,53e9a289b7602d9702b8ed01,2014
5548d4920cf262a827c042ac,56d834e6dabfae2eee393404,2014
5548deba0cf2abac7d041d4d,55a54f8965ceb7cb02e7dbf4,2015
554b4e770cf22e91e4563ea1,53e99a7fb7602d97022f579c,2015
554b9cda0cf2e6443df04a6f,53e9acf6b7602d97036d6e68,2014
554ba1fd0cf2e6443df05422,55a3c20a65ce5cd7b3b5fd87,2014
554bb0d30cf2e6443df08be0,55a4d43f65ceb7cb02d947cd,2014
554eaf960cf2a9adcfd944ab,53e9a9fdb7602d9703365052,2014
554eb5810cf28d26f6149b5e,55a391a5c91b587b095b4e04,2014
55503e0845ce0a409eb27f9b,56d83d1fdabfae2eee6c0282,2014
55503f4745ce0a409eb2d3a1,53e99a43b7602d97022a2410,2014
55503ffe45ce0a409eb3176f,5390aefb20f70186a0ecc273,2014
5550418545ce0a409eb3c01a,5390b8d720f70186a0f2b950,2018
5550419045ce0a409eb3c32a,5390a30b20f70186a0e6af3e,2014
555041f145ce0a409eb3ec95,53e9a6a6b7602d9702fdbe75,2014
5550429045ce0a409eb435d8,53e99a5cb7602d97022c33b1,2012
5550429f45ce0a409eb43a02,5390b00c20f70186a0ed6438,2014
555042c845ce0a409eb4494a,5390b00c20f70186a0ed4e81,2013
555042c845ce0a409eb4494a,5390b52620f70186a0f02e78,2013
555043a345ce0a409eb488a2,5390a74f20f70186a0e8bf67,2014
555048b845ce0a409eb70b95,5390881220f70186a0d7e29b,2014
555048b845ce0a409eb70ba5,5390881220f70186a0d7e29b,2014
557c5f8608b02739a5ca58c1,558bfe54e4b00c3c48dfa732,2013
557c5f8608b02739a5ca58c1,558b57d2e4b0b32fcb3c1ebd,2013
557c7d756feeaa8086d9fbbd,55a50487c91bf3b1cc4ca6b9,2014
5582f3bde4b046969cdab07e,558c63dee4b02b9f07a6d735,2013
558a84e6e4b037c087579fe6,53e9bb15b7602d9704750666,2007
558aac84e4b031bae1f90183,53e9998bb7602d97021d0a30,2006
558b4659e4b037c0875bfe62,53e9be6cb7602d9704b2f45a,2011
558b46c1e4b037c0875c0020,558c63dee4b02b9f07a6d735,2012
558b5bb4e4b031bae1fcf237,5390995d20f70186a0e14b35,2012
558bcf39e4b00c3c48de99b7,53e9af2db7602d97039695f0,2010
558bfe54e4b00c3c48dfa732,558b57d2e4b0b32fcb3c1ebd,2011
558c0553e4b02b9f07a49ccc,53e99905b7602d9702143667,2013
558c0553e4b02b9f07a49ccc,558b2a14e4b0b32fcb3b17cf,2013
558c2a7ee4b00c3c48e09d7c,5488ea7445ce471f909193ec,2014
558c5122e4b00c3c48e195d7,558c63dee4b02b9f07a6d735,2013
558c9473e4b0cfb70a1e7b76,558b5c7ce4b0b32fcb3c3225,2013
55a378b4c91b587b095815ad,53e9a2b2b7602d9702bb8afe,2005
55a37a4bc91b587b0958497f,53e9b84ab7602d970440b727,2005
55a37bf765ce5cd7b3ac563d,53e9bb8cb7602d97047d37db,2009
55a37c8ec91b587b0958997d,53e9a6a5b7602d9702fd6a52,2005
55a37eb2c91b587b09590f05,55a451b6612ca648689195a1,2005
55a37eb3c91b587b09590f53,53e9b3efb7602d9703ee22d2,2005
55a37eb3c91b587b09590fba,55a4fd8d612c6b12ab00c2a7,2004
55a38058c91b587b09593f29,55a519e9612c6b12ab03b2cd,2005
55a3816865ce5cd7b3ad1ab3,55a5e2d0612c6b12ab30aa67,2010
55a38302c91b587b095985af,55a45c21612ca6486893aabe,2005
55a387ae65ce5cd7b3adb970,53e9ad81b7602d9703774fe0,2010
55a38b9265ce5cd7b3ae190c,53e99d96b7602d970264f5df,2010
55a38b9665ce5cd7b3ae25e7,55a3a89ac91b587b095e37e7,2010
55a38c8565ce5cd7b3ae33e4,55a41ff1c91b587b096da313,2010
55a39089c91b587b095b284c,53e99fefb7602d97028cced8,2005
55a392d2c91b587b095b7113,53e9adcdb7602d97037d5b03,2005
55a3948465ce5cd7b3af4080,53e9b5edb7602d970414293d,2010
55a39c1cc91b587b095c9ceb,53e99e4db7602d9702714433,2005
55a39c2365ce5cd7b3b0eb3e,55a4c8f1c91bf3b1cc46a6d8,2010
55a39c2465ce5cd7b3b0ee9e,55a595c6612c6b12ab24fc24,2010
55a39d6665ce5cd7b3b133aa,53e9b8a8b7602d970448488c,2010
55a39dd3c91b587b095cc9fa,53e99876b7602d97020b1fc7,2005
55a3a09a65ce5cd7b3b1896c,53e99a04b7602d97022549c8,2010
55a3a09b65ce5cd7b3b18cf1,55a59f8e612c6b12ab270ba6,2009
55a3a11165ce5cd7b3b1add9,53e9a01fb7602d97029037fa,2010
55a3a18e65ce5cd7b3b1d85f,53e9af3ab7602d9703977b06,2009
55a3a74065ce5cd7b3b2da14,53e9bbe0b7602d9704836a88,2010
55a3a77165ce5cd7b3b2e5a7,55a46540612ca64868950a4a,2010
55a3afb5c91b587b095f2244,55a58666612c6b12ab2024eb,2006
55a3b30d65ce5cd7b3b44666,53e9bb1cb7602d97047558c4,2010
55a3b5a165ce5cd7b3b489fe,53e9b181b7602d9703c0d13a,2010
55a3b5a365ce5cd7b3b49049,56d89edbdabfae2eee54e2f3,2010
55a3b6b5c91b587b09601351,53e99e04b7602d97026cb1e4,2006
55a3baec65ce5cd7b3b5149e,53e997e4b7602d9701fde5ac,2010
55a3bb2665ce5cd7b3b51df7,53e9ad72b7602d9703762716,2010
55a3be7165ce5cd7b3b57a1c,53e9b655b7602d97041b17d3,2011
55a3c24065ce5cd7b3b60deb,53e99ceeb7602d97025a4cb6,2011
55a3c3c565ce5cd7b3b660f4,53e9ba59b7602d9704673af0,2010
55a3c8a265ce5cd7b3b78e8a,55a3e355c91b587b0965b990,2010
55a3c924c91b587b09625c71,55a47302612ca6486896de2b,2006
55a3c9f365ce5cd7b3b7c569,53e9af12b7602d9703948c71,2010
55a3cabf65ce5cd7b3b7cebb,53e9a317b7602d9702c2306d,2010
55a3d1a165ce5cd7b3b8e4d9,53e9bc21b7602d9704887810,2010
55a3d25c65ce5cd7b3b8e74d,53e9b22eb7602d9703cc93fe,2010
55a3d25d65ce5cd7b3b8ebef,53e997e4b7602d9701fde5ac,2010
55a3d38065ce5cd7b3b906a2,53e9bd50b7602d97049df9f7,2010
55a3d3b0c91b587b0963bbbc,55a4e85a612c6b12aafdb684,2006
55a3d49a65ce5cd7b3b93384,55a5a6c3612c6b12ab28b5c6,2011
55a3d5bf65ce5cd7b3b96015,55a52ebf612c6b12ab063410,2010
55a3d8c8c91b587b09644628,53e99e0bb7602d97026cc940,2006
55a3de9e65ce5cd7b3bac2d6,53e99f7eb7602d9702850a31,2010
55a3ded965ce5cd7b3bad4e6,53e9b403b7602d9703ef5b76,2010
55a3df0b65ce5cd7b3bae0ce,53e9a3cdb7602d9702ce0db6,2010
55a3df0c65ce5cd7b3bae742,55a516db612c6b12ab037287,2011
55a3dfd265ce5cd7b3bafd16,55a40ffdc91b587b096b903e,2011
55a3e001c91b587b0965311d,55a391a5c91b587b095b4e04,2006
55a3e3f865ce5cd7b3bba5db,53e9acc4b7602d97036a4e23,2011
55a3e4cd65ce5cd7b3bbc430,56d83b56dabfae2eee612cd7,2010
55a3e5ff65ce5cd7b3bbfdd8,53e9b7c7b7602d970437509e,2010
55a3e5ff65ce5cd7b3bbfdd8,53e9b9c1b7602d97045b7bd8,2010
55a3e67965ce5cd7b3bc2768,53e9b94db7602d9704538c7d,2011
55a3e6b665ce5cd7b3bc3211,55a3f7f4c91b587b09686f48,2011
55a3e77cc91b587b0966406d,53e9b917b7602d9704501958,2006
55a3e7f665ce5cd7b3bc5bf6,53e99f50b7602d9702823cbb,2010
55a3eb1cc91b587b0966b67c,53e99c36b7602d97024e4c85,2006
55a3eb9665ce5cd7b3bce7dd,55a4fdf2c91bf3b1cc4bdd7b,2011
55a3eb9765ce5cd7b3bcedd1,55a42d13c91b587b096f62ad,2011
55a3ebca65ce5cd7b3bcf63a,55a53812c91bf3b1cc5213d7,2011
55a3ed3ac91b587b0966f673,55a4809c612ca6486898cf55,2007
55a3edac65ce5cd7b3bd5f2c,55a3adfdc91b587b095ef4cf,2011
55a3ede665ce5cd7b3bd7aa2,53e9b937b7602d9704522e23,2010
55a3eedc65ce5cd7b3bd984f,53e9b8e8b7602d97044cd2ff,2011
55a3efc2c91b587b096761cd,55a3b95dc91b587b096074b9,2006
55a3efec65ce5cd7b3bdbd10,55a4f698612c6b12aaff82b3,2011
55a3f1f865ce5cd7b3be09e7,53e9b593b7602d97040d69de,2010
55a3f1f965ce5cd7b3be0d3d,55a5c79c612c6b12ab2d7c89,2011
55a3f45165ce5cd7b3be7e3a,53e9b457b7602d9703f51b47,2011
55a3f608c91b587b09683af8,53e99a92b7602d970230ae10,2006
55a3fb3565ce5cd7b3bf1d0f,53e997e4b7602d9701fde5ac,2011
55a3fb8dc91b587b0968cc47,53e9b6eeb7602d970427f047,2006
55a3fb9f65ce5cd7b3bf330d,55a5e98d612c6b12ab317819,2011
55a3fbd765ce5cd7b3bf51a2,53e9ad72b7602d970375dac1,2011
55a3fd532401c6de3b7d4ae5,55a3a77365ce5cd7b3b2ee8a,2021
55a3fdb165ce5cd7b3bf8cdb,55a5d7a6612c6b12ab2f2845,2011
55a3fe7665ce5cd7b3bf9265,53e9992ab7602d9702164aa3,2011
55a3fe7665ce5cd7b3bf93fc,53e9ad4eb7602d9703733ad7,2011
55a3fee265ce5cd7b3bfc074,53e9b78ab7602d9704331bcf,2011
55a3ffe965ce5cd7b3bfe5d7,53e99f4fb7602d97028225e7,2011
55a4005365ce5cd7b3bffe0a,53e9bc68b7602d97048e595d,2011
55a4028865ce5cd7b3c04764,53e9ad56b7602d970373ddaa,2011
55a4028c65ce5cd7b3c058cb,55a40e34c91b587b096b3f34,2011
55a4037265ce5cd7b3c08ff5,53e9ad68b7602d970375433c,2011
55a403aa65ce5cd7b3c0a7e7,53e9a7f7b7602d9703136373,2011
55a403aa65ce5cd7b3c0a821,53e9a63db7602d9702f6a7d7,2011
55a4049665ce5cd7b3c0c57b,53e9bc6eb7602d97048e7345,2011
55a405a865ce5cd7b3c0d4a0,55a44391612ca648688ede8c,2011
55a405eb65ce5cd7b3c0e777,53e9a855b7602d97031a0fe4,2011
55a4075165ce5cd7b3c108b3,53e9b457b7602d9703f54ffc,2011
55a4091b65ce5cd7b3c12b41,53e9a922b7602d970327714b,2011
55a4096965ce5cd7b3c140d3,55a4575bc91b587b09789adc,2011
55a40a3365ce5cd7b3c15718,55a37c242401aa937979f091,2011
55a40aa765ce5cd7b3c17c53,53e9ae36b7602d970384d93d,2011
55a40b1b65ce5cd7b3c19c84,55a3ea05c91b587b096691bf,2011
55a40bc665ce5cd7b3c1d8a2,53e99d4bb7602d9702602d7b,2011
55a40bc665ce5cd7b3c1d8a2,53e9ba22b7602d9704627f44,2011
55a40cbe65ce5cd7b3c200bc,53e9ba90b7602d97046b7c54,2011
55a40cfe65ce5cd7b3c20c75,55a4b337612ca64868a081c0,2011
55a40e6365ce5cd7b3c27477,53e9b688b7602d97041f3b87,2011
55a40ed565ce5cd7b3c28fd7,53e9ac4eb7602d970362005a,2011
55a410bdc91b587b096b9dd2,53e9a2fab7602d9702c016e1,2007
55a410e865ce5cd7b3c2d820,53e9bba1b7602d97047ed3df,2011
55a4118c65ce5cd7b3c314ab,53e9b716b7602d97042b0a5b,2011
55a4155965ce5cd7b3c3a5a7,53e9bb8cb7602d97047d3807,2011
55a4158c65ce5cd7b3c3b11f,53e99d21b7602d97025d882e,2011
55a4178165ce5cd7b3c3eec3,53e9a401b7602d9702d1834a,2011
55a4178165ce5cd7b3c3eec3,53e9b1deb7602d9703c73c61,2011
55a4185f65ce5cd7b3c3fbbc,53e9b010b7602d9703a66b95,2011
55a4186165ce5cd7b3c4019d,55a589a3612c6b12ab20d587,2011
55a4186165ce5cd7b3c4025e,55a46871c91b587b097afa28,2011
55a41bb165ce5cd7b3c485d9,53e9a216b7602d9702b17d55,2011
55a41d1b65ce5cd7b3c4a885,53e997d1b7602d9701fc21f0,2011
55a41dd4c91b587b096d6042,55a4e04f612c6b12aafc869d,2007
55a41ff1c91b587b096da313,55a4a2c4612ca648689e7377,2007
55a4206f65ce5cd7b3c5556e,53e9bbe5b7602d97048398cf,2011
55a4227565ce5cd7b3c59352,53e9b47cb7602d9703f7e79b,2011
55a42285c91b587b096e0dc9,55a46179612ca64868949144,2007
55a431e5c91b587b09706cd5,53e99a35b7602d9702292e77,2007
55a4383fc91b587b0972322d,53e9b365b7602d9703e485b2,2007
55a43c77c91b587b0972f799,53e9a603b7602d9702f31b66,2007
55a43c7bc91b587b0972faa5,55a4c5c9612c6b12aaf9bcef,2007
55a43cd1c91b587b09730c04,53e99d6cb7602d970262682d,2007
55a440bec91b587b0973c7be,55a4902a612ca648689b225c,2007
55a4410cc91b587b0973d55b,53e9adc2b7602d97037c5d15,2007
55a44a0ec91b587b0975b69d,53e99e4db7602d9702714433,2007
55a44a63c91b587b0975c6a1,53e9a34bb7602d9702c57dad,2009
55a44a6fc91b587b0975cf1c,53e9b068b7602d9703ad241f,2008
55a44f16c91b587b09771b3d,55a5e98d612c6b12ab3178b6,2008
55a44f20c91b587b097723c6,55a5e155612c6b12ab305c0c,2008
55a4536cc91b587b0977d7ac,53e99f02b7602d97027cfa03,2008
55a4536cc91b587b0977d7ac,53e9a4e4b7602d9702e02995,2008
55a4540dc91b587b0977f8a1,53e9af5ab7602d970399b918,2008
55a45ad9612ca64868934e79,55a4531d612ca6486891d2a9,2000
55a45c6b65ce31bc87783007,53e99fdeb7602d97028bce88,2011
55a45c6b65ce31bc87783007,53e9b7c0b7602d9704369c95,2011
55a45da665ce31bc87783f86,53e9bc0fb7602d97048717ec,2011
55a45ee365ce31bc8778640f,53e99ea0b7602d970276aaf8,2011
55a45ee465ce31bc87786a09,55a3fbd765ce5cd7b3bf51f9,2011
55a45ee765ce31bc877872ea,53e9b1eab7602d9703c7e57b,2011
55a4600465ce31bc87788702,53e99859b7602d97020945cf,2011
55a4603f65ce31bc8778a7f4,55a48b8a612ca648689a77cd,2011
55a4604065ce31bc8778aa69,55a3fe5cc91b587b096931e3,2011
55a4607b65ce31bc8778b916,53e99a35b7602d9702292e77,2011
55a4615765ce31bc8778c7bb,53e9a011b7602d97028f73a8,2011
55a4629065ce31bc8778e938,53e9a171b7602d9702a5f661,2011
55a4660a65ce31bc877947f5,53e99924b7602d970216341a,2012
55a46657c91b587b097ab221,53e9b9fbb7602d97045f83a5,2021
55a4674765ce31bc8779659c,55a44732c91b587b09753933,2011
55a4694565ce31bc8779c7dd,53e9abfeb7602d97035c0746,2011
55a46b5665ce31bc8779fd86,55a53361c91bf3b1cc517e41,2011
55a4702065ce31bc877aab3a,53e99e99b7602d970275ee69,2011
55a470a265ce31bc877ada0a,55a5849f612c6b12ab1fd722,2011
55a470a365ce31bc877adcf7,55a59e0e612c6b12ab26abb4,2012
55a470a9c91b587b097bd7bb,55a443ddc91b587b09746c11,2008
55a470a9c91b587b097bd7bb,55a39f2cc91b587b095d15a9,2008
55a471e765ce31bc877af90c,55a421c5c91b587b096de599,2011
55a472fa65ce31bc877b0591,53e9b4a0b7602d9703fa9d7b,2011
55a474da65ce31bc877b66a5,55a43f12c91b587b09737278,2011
55a4772365ce31bc877babb6,55a4d174612c6b12aafad2f2,2012
55a478b265ce31bc877bfa2b,53e99d3eb7602d97025f5b39,2012
55a478b265ce31bc877bfa2b,53e9a60ab7602d9702f3666e,2012
55a4792265ce31bc877c26da,55a441d4612ca648688e6315,2011
55a47a6765ce31bc877c5c92,53e99db1b7602d9702673206,2012
55a47a6765ce31bc877c5c92,55a401e9c91b587b0969bb22,2012
55a47f1865ce31bc877ced73,53e9a02db7602d97029133ba,2011
55a47f1965ce31bc877cef10,53e9b701b7602d97042961be,2011
55a4805265ce31bc877d0518,53e9a4f3b7602d9702e14b80,2011
55a4814765ce31bc877d1694,55a44324c91b587b09744658,2011
55a4814765ce31bc877d1735,55a3b316c91b587b095f928f,2011
55a4814765ce31bc877d1735,53e9a5b6b7602d9702edd877,2011
55a4822265ce31bc877d2b01,55a50b66c91bf3b1cc4d58f3,2011
55a4825d65ce31bc877d3bd3,53e9b029b7602d9703a84dc6,2012
55a4825d65ce31bc877d3bd3,55d0afb669632219056f3f64,2012
55a4825d65ce31bc877d3bd3,53e9b9adb7602d970459e199,2012
55a4834965ce31bc877d5b92,55a4b55cc91bf3b1cc44a502,2012
55a484a065ce31bc877d7d52,55a5d107612c6b12ab2e55e9,2012
55a484a165ce31bc877d836b,53e9a9fcb7602d97033628a1,2011
55a486a865ce31bc877dac55,53e9bb15b7602d970474e183,2012
55a4879b65ce31bc877dbecb,53e9ad3bb7602d970371d853,2012
55a4913365ceb7cb02d1ff1a,53e99e7fb7602d9702743622,2012
55a4913365ceb7cb02d1ff1a,53e9b029b7602d9703a84dc6,2012
55a4913365ceb7cb02d1ff1a,53e9afa6b7602d97039f2fce,2012
55a491a965ceb7cb02d21e7b,53e9a424b7602d9702d4151b,2012
55a4931465ceb7cb02d25038,53e99ed8b7602d97027a2377,2012
55a4934065ceb7cb02d256fe,55a3830ac91b587b09598cd2,2012
55a4934265ceb7cb02d261a2,55a5a40b612c6b12ab27ebab,2012
55a4937665ceb7cb02d26de4,53e9bb36b7602d97047723af,2012
55a4937965ceb7cb02d276f3,55a39c2765ce5cd7b3b0f92d,2012
55a494fb65ceb7cb02d2b8f2,55a40b1b65ce5cd7b3c19da6,2012
55a4960765ceb7cb02d2d842,55a3b51c65ce5cd7b3b46f5b,2012
55a49631c91bf3b1cc3fa6e5,53e9a9a2b7602d97032fe856,2008
55a49877612ca648689c774f,55a44fa5612ca648689154d1,2001
55a4988cc91bf3b1cc3fe51d,55a52643612c6b12ab0503f2,2008
55a498e965ceb7cb02d329c8,53e9bbcfb7602d970481e9ab,2012
55a49b0265ceb7cb02d3627e,53e9b8b3b7602d970448e28e,2012
55a49b3c65ceb7cb02d36a8c,55a45df7c91b587b097972fe,2012
55a49be165ceb7cb02d3a484,53e9a066b7602d970294b014,2012
55a49be265ceb7cb02d3a7fe,55a43d92c91b587b09733485,2012
55a49c5165ceb7cb02d3c7ef,55a3ef1165ce5cd7b3bda957,2012
55a49cd465ceb7cb02d3f234,53e9b0edb7602d9703b659e9,2011
55a49d05c91bf3b1cc406f64,55a430d5c91b587b0970341a,2008
55a49d0a65ceb7cb02d40487,53e9b413b7602d9703f0998a,2012
55a49db765ceb7cb02d4349e,53e9b83fb7602d97043fe0b6,2012
55a49db865ceb7cb02d43953,53e9bb37b7602d970477759f,2012
55a49db865ceb7cb02d43953,53e9a1b5b7602d9702aaa501,2012
55a49db965ceb7cb02d43d97,53e9b381b7602d9703e60d79,2012
55a49dfe65ceb7cb02d4501e,53e9b1a3b7602d9703c31e44,2012
55a49ede65ceb7cb02d464ba,55a3e0ef65ce5cd7b3bb3097,2012
55a49f0f65ceb7cb02d46d0d,53e99cfcb7602d97025ae37b,2012
55a4a17365ceb7cb02d4c55c,53e9af99b7602d97039e609b,2012
55a4a17565ceb7cb02d4cc0d,53e9a766b7602d970309d941,2012
55a4a1b765ceb7cb02d4e61f,53e9b14bb7602d9703bcdd07,2012
55a4a68265ceb7cb02d53db9,53e99e79b7602d970274071c,2012
55a4a6b365ceb7cb02d553e8,55a5a28e612c6b12ab27a345,2012
55a4a7af65ceb7cb02d559eb,55a4893d612ca648689a2b63,2011
55a4a8ec65ceb7cb02d589dd,53e9bdc6b7602d9704a76090,2012
55a4a9f365ceb7cb02d58d4f,53e99a8cb7602d9702300572,2012
55a4a9f465ceb7cb02d5920e,55a59448612c6b12ab24a9f5,2012
55a4aa9ac91bf3b1cc42e05f,53e9b068b7602d9703ad27fe,2008
55a4aaf865ceb7cb02d5ad5e,55a3f12f65ce5cd7b3bdf89f,2012
55a4ac1365ceb7cb02d5b49d,55a443ddc91b587b09746c11,2012
55a4ad1f65ceb7cb02d5c8a6,53e99893b7602d97020cb9c5,2012
55a4ad2265ceb7cb02d5d328,55a50f79c91bf3b1cc4daf80,2012
55a4ae2b65ceb7cb02d5d81e,53e9a289b7602d9702b8f21c,2012
55a4b03f65ceb7cb02d619b7,55a5e6b9612c6b12ab3126b8,2012
55a4b1ed65ceb7cb02d64b5c,55a3a73d65ce5cd7b3b2d103,2012
55a4b1ed65ceb7cb02d64b5c,55a45c6d65ce31bc8778365d,2012
55a4b22d65ceb7cb02d65961,53e9a758b7602d9703091aad,2012
55a4b22e65ceb7cb02d65a65,53e9bd76b7602d9704a17dbb,2012
55a4b26d65ceb7cb02d671f8,55a4ea72612c6b12aafe0cc4,2012
55a4b26d65ceb7cb02d671f8,53e9abcfb7602d97035839ef,2012
55a4b26d65ceb7cb02d67420,53e9b74ab7602d97042e5dbb,2012
55a4b380612ca64868a0a136,55a45b1e612ca6486893690e,2002
55a4bbac65ceb7cb02d71d5f,53e9a335b7602d9702c40aa2,2012
55a4bc9a65ceb7cb02d72d99,53e99a3cb7602d9702297f65,2012
55a4bc9d65ceb7cb02d737c9,55a597a8612c6b12ab2555b8,2012
55a4bcd265ceb7cb02d73afb,55a47447612ca64868971537,2012
55a4bd0365ceb7cb02d7476a,55a50f2ec91bf3b1cc4d9901,2012
55a4bd0565ceb7cb02d74a59,55a4c780612c6b12aaf9ec14,2012
55a4bd0765ceb7cb02d751cd,53e9b3b7b7602d9703e9cfa6,2012
55a4bd96612ca64868a21639,55a4b3ca612ca64868a0a8a8,2002
55a4bf5d65ceb7cb02d78418,55a41d1b65ce5cd7b3c4a885,2012
55a4c16765ceb7cb02d79a91,53e9b4b4b7602d9703fcb962,2012
55a4c29b65ceb7cb02d7bf8f,53e99eaeb7602d97027782a4,2012
55a4c4ac65ceb7cb02d7e062,53e9b69eb7602d9704216cad,2012
55a4c4ac65ceb7cb02d7e1bd,53e9b234b7602d9703cd12b2,2011
55a4c4ac65ceb7cb02d7e1bd,55a48eb2612ca648689adfc3,2011
55a4c4cfc91bf3b1cc463412,55a5cc34612c6b12ab2ddf75,2009
55a4c5d565ceb7cb02d80179,55a4798e65ce31bc877c4401,2012
55a4c61d65ceb7cb02d81b57,55a46339c91b587b097a2855,2012
55a4c69c65ceb7cb02d83219,55a3ed39c91b587b0966f536,2012
55a4c7d665ceb7cb02d84175,53e9bbd4b7602d97048235c8,2012
55a4c8e065ceb7cb02d85e7e,53e9ac0cb7602d97035ce87c,2012
55a4c8e165ceb7cb02d862af,53e9aef7b7602d9703927be6,2012
55a4c9e5c91bf3b1cc46b858,55a3dce5c91b587b0964e248,2008
55a4cbbc65ceb7cb02d88f8b,53e9b476b7602d9703f784be,2012
55a4ce2dc91bf3b1cc47135f,53e9b968b7602d9704556874,2009
55a4cf3765ceb7cb02d8da19,53e9b8e8b7602d97044cad59,2012
55a4cf48c91bf3b1cc4725ce,55a5a40d612c6b12ab27f447,2009
55a4d043c91bf3b1cc472a1a,55a3ada8c91b587b095ede47,2008
55a4d18f65ceb7cb02d8fd7f,53e99b26b7602d97023bde15,2012
55a4d19065ceb7cb02d90149,53e9aadfb7602d970346128a,2012
55a4d6dd65ceb7cb02d99972,55a3ebca65ce5cd7b3bcf63a,2013
55a4d6dd65ceb7cb02d99972,55a53812c91bf3b1cc5213d7,2013
55a4d6ef612c6b12aafb661d,55a44992612ca64868901fca,2002
55a4d71665ceb7cb02d9a9e7,53e99ed1b7602d970279b9e6,2012
55a4d71665ceb7cb02d9aa7d,53e9b41bb7602d9703f15610,2012
55a4d74e65ceb7cb02d9be8c,53e99d0cb7602d97025c0105,2013
55a4d88265ceb7cb02d9dbb2,55a478c6612ca64868978f37,2012
55a4daecc91bf3b1cc4869d0,55a4963c612ca648689c1a27,2009
55a4db39c91bf3b1cc48715d,53e9af46b7602d9703983e11,2009
55a4dc5bc91bf3b1cc489323,55a39c65c91b587b095cace5,2009
55a4dd0465ceb7cb02da5b19,56d82408dabfae2eeecff1d9,2011
55a4df5265ceb7cb02da8a07,56d89edbdabfae2eee54e2f3,2012
55a4df5765ceb7cb02da9950,53e9ad72b7602d9703761296,2012
55a4dfd865ceb7cb02dab2a9,55a5063bc91bf3b1cc4ccbe8,2012
55a4e13665ceb7cb02dae084,55a3be29c91b587b0960f47d,2012
55a4e13665ceb7cb02dae110,53e9bcb3b7602d97049365b7,2012
55a4e26665ceb7cb02dafa0d,53e997e4b7602d9701fde5ac,2012
55a4e2a365ceb7cb02db0f19,53e9a90db7602d9703260ac9,2012
55a4e2a565ceb7cb02db177f,55a51e62612c6b12ab042780,2012
55a4e2a665ceb7cb02db1a52,55a377bac91b587b0957fe77,2012
55a4e3e165ceb7cb02db33d6,55a4c5c8612c6b12aaf9b903,2012
55a4e3e465ceb7cb02db3f47,53e9b6fab7602d9704290ceb,2012
55a4e81065ceb7cb02dbac24,55a38f0cc91b587b095af54f,2012
55a4e924612c6b12aafddc90,53e9b9dab7602d97045d1f11,2002
55a4e93565ceb7cb02dbe1b2,55a5a109612c6b12ab2744e7,2012
55a4ec5bc91bf3b1cc4a3809,55a3d5eac91b587b0963f80c,2009
55a4ed3465ceb7cb02dc281f,548913dd45ce471f90b1721d,2012
55a4ed7365ceb7cb02dc2e97,53e99915b7602d97021543ed,2012
55a4ee5b65ceb7cb02dc4572,53e9bcefb7602d9704975453,2012
55a4efe565ceb7cb02dc7c4c,55a47e4465ce31bc877cd0d6,2012
55a4efe565ceb7cb02dc7e05,55a4cbbc65ceb7cb02d88e29,2012
55a4f12365ceb7cb02dcaa2c,55a51125c91bf3b1cc4dcbfe,2012
55a4f22b65ceb7cb02dcb4df,53e99b9bb7602d9702444c88,2012
55a4f22f65ceb7cb02dcc1dc,53e9a5a8b7602d9702ed2083,2013
55a4f26565ceb7cb02dcc8c2,53e9a31fb7602d9702c26e47,2012
55a4f26765ceb7cb02dcce67,53e9b36cb7602d9703e4dafe,2012
55a4f26865ceb7cb02dcd24e,55a3edae65ce5cd7b3bd6873,2012
55a4f29f65ceb7cb02dce42a,55a4d341c91bf3b1cc47afc6,2012
55a4f40bc91bf3b1cc4afb4a,53e9a17fb7602d9702a744b8,2009
55a4f441612c6b12aaff41d2,53e99dc5b7602d970268675e,2003
55a4f4ab65ceb7cb02dd1499,55a3c7c065ce5cd7b3b783da,2012
55a4f59a65ceb7cb02dd2370,55a4fb24612c6b12ab0043ae,2013
55a4f59a65ceb7cb02dd2370,55a40a3065ce5cd7b3c14966,2013
55a4fa0565ceb7cb02dd7c2b,55a3c7bf65ce5cd7b3b77f29,2013
55a4fa3d65ceb7cb02dd9885,55a403c7c91b587b096a070e,2012
55a4fac165ceb7cb02ddbc1e,55a46f30612ca64868965850,2013
55a4fb36c91bf3b1cc4ba669,53e99a52b7602d97022baacd,2009
55a4fd4065ceb7cb02ddfc18,53e9a073b7602d9702957c2f,2013
55a4fd4065ceb7cb02ddfc18,53e99df7b7602d97026b7f39,2013
55a4fd7665ceb7cb02de0829,55a487e965ce31bc877dd8e4,2012
55a4ff74c91bf3b1cc4c20e2,53e9a554b7602d9702e797a9,2009
55a5015a65ceb7cb02de60fc,55a49cd265ceb7cb02d3eb42,2013
55a50272c91bf3b1cc4c633e,53e9a4c7b7602d9702de5c8b,2009
55a5042865ceb7cb02de9408,56d82b6adabfae2eeeff0647,2012
55a5048ac91bf3b1cc4cb1ab,53e9bb15b7602d970474e183,2009
55a50973c91bf3b1cc4d1e37,55a38747c91b587b095a13ff,2009
55a509f965ceb7cb02df2e8b,53e99952b7602d970219015b,2012
55a50b2465ceb7cb02df524e,55a3ad54c91b587b095ed8af,2012
55a50bac612c6b12ab01e358,53e99bffb7602d97024abb79,2003
55a50d3965ceb7cb02df71cc,53e9b6fab7602d9704290ceb,2013
55a50dbf612c6b12ab0223f5,53e9b002b7602d9703a5a154,2003
55a50faf65ceb7cb02dfb6d3,55a4b1ee65ceb7cb02d650a6,2012
55a51049c91bf3b1cc4dc542,53e9b5a8b7602d97040eed93,2009
55a51125c91bf3b1cc4dcbfe,55a57f80612c6b12ab1eec53,2009
55a511d4c91bf3b1cc4ddeb9,55a4b9a9c91bf3b1cc452424,2009
55a5120665ceb7cb02dff8eb,53e9ad92b7602d9703788cb6,2013
55a512ddc91bf3b1cc4e070f,53e9ba17b7602d970461b4cc,2009
55a5131f65ceb7cb02e0066b,55a3e7f665ce5cd7b3bc5d3d,2013
55a5134f65ceb7cb02e0181d,55a3b2d065ce5cd7b3b4318a,2012
55a5168665ceb7cb02e069fd,55a478b365ce31bc877bfde2,2013
55a5168765ceb7cb02e06b44,53e9bc6eb7602d97048e7345,2013
55a516c765ceb7cb02e0807f,55a45ec8612ca64868941b82,2013
55a5191e65ceb7cb02e0c30d,55a51a16c91bf3b1cc4ec228,2013
55a51a18c91bf3b1cc4ec9e9,55a51047c91bf3b1cc4dbdf8,2009
55a51acb65ceb7cb02e10cdb,55a40a6e65ce5cd7b3c16285,2013
55a51decc91bf3b1cc4f3361,53e9ad1fb7602d97036ff436,2009
55a51df165ceb7cb02e1569b,55a44f7bc91b587b097736f7,2013
55a520aec91bf3b1cc4f6c57,53e9bbfbb7602d9704859220,2009
55a521b7612c6b12ab0494ae,55a47646612ca6486897442a,2003
55a522b865ceb7cb02e1fd9c,55a453f4612ca64868920871,2013
55a524c9c91bf3b1cc4fcf4a,55a39c22c91b587b095ca23b,2009
55a5258365ceb7cb02e26127,55a4849f65ce31bc877d7944,2013
55a5258565ceb7cb02e26a44,55a3fce765ce5cd7b3bf72c6,2013
55a5258665ceb7cb02e26dc4,55a4b8dc612ca64868a17740,2013
55a5259b612c6b12ab04eee0,55a45e87612ca64868940848,2003
55a5281065ceb7cb02e2d234,53e9b6e8b7602d9704279aa7,2013
55a5287b65ceb7cb02e2e703,55a4c1a265ceb7cb02d7b0ff,2013
55a5287e65ceb7cb02e2f073,55a492b2612ca648689b8fe5,2013
55a5293a65ceb7cb02e2f80a,53e99ecab7602d9702795d59,2013
55a5293d65ceb7cb02e30044,53e9b822b7602d97043dac3e,2013
55a5293d65ceb7cb02e30044,53e9be5eb7602d9704b20d06,2013
55a5293f65ceb7cb02e30537,53e9a1c3b7602d9702aba3a9,2013
55a52d6465ceb7cb02e373cd,53e9b3abb7602d9703e906c1,2013
55a52fb8c91bf3b1cc510255,55a5cd40612c6b12ab2dfbe8,2009
55a5310165ceb7cb02e3d259,55a494cc65ceb7cb02d2acdb,2013
55a531c065ceb7cb02e3fffb,55a44073c91b587b0973bed2,2013
55a531c065ceb7cb02e4036a,55a4c4ab65ceb7cb02d7dcbb,2013
55a531c165ceb7cb02e40432,55a4d74d65ceb7cb02d9bb90,2013
55a533ea65ceb7cb02e42577,55a40a3365ce5cd7b3c155e9,2013
55a53423c91bf3b1cc5199f6,53e9bdceb7602d9704a80472,2009
55a5342f65ceb7cb02e43b22,55a3f44f65ce5cd7b3be7353,2013
55a5347165ceb7cb02e44dfe,55a4805265ce31bc877d0518,2013
55a535c165ceb7cb02e48fab,53e9bde2b7602d9704a96354,2013
55a5369ec91bf3b1cc51da48,55a45ee3c91b587b09798ccc,2009
55a536b065ceb7cb02e49955,53e9bce1b7602d9704967e11,2013
55a537c9c91bf3b1cc52045f,55a5984a612c6b12ab25892e,2009
55a537de65ceb7cb02e4c826,53e9bc2db7602d970489c885,2013
55a537e065ceb7cb02e4d052,53e9a937b7602d970328827d,2013
55a5385365ceb7cb02e4eead,55a3e3c565ce5cd7b3bb9674,2013
55a5390c65ceb7cb02e50baa,55a537e065ceb7cb02e4d02d,2013
55a539bd65ceb7cb02e51807,55a4b95f65ceb7cb02d6f083,2013
55a53aa265ceb7cb02e51d06,53e9bd23b7602d97049af6d0,2013
55a53aa265ceb7cb02e51e5c,55a4628f65ce31bc8778e521,2013
55a53db665ceb7cb02e586ed,55a4690665ce31bc8779aac7,2013
55a53e9265ceb7cb02e5c77f,55a4bc2b612ca64868a1d0e4,2013
55a53f5365ceb7cb02e5d6c3,548910fc45ce471f90ad6a0d,2013
55a5414cc91bf3b1cc5385bb,55a5a958612c6b12ab295e09,2009
55a5420265ceb7cb02e610f7,53e9af00b7602d970393272a,2013
55a543be65ceb7cb02e63251,55a5a579612c6b12ab2862a5,2010
55a5449365ceb7cb02e63e54,53e99c99b7602d970254d8d3,2013
55a5449765ceb7cb02e64cb4,55a3ce3c65ce5cd7b3b84514,2013
55a5488f65ceb7cb02e6e406,53e9ae0bb7602d9703819c64,2013
55a54a2d65ceb7cb02e7362d,55a434cfc91b587b09714cd6,2014
55a54b2a65ceb7cb02e74061,53e9a8d4b7602d9703223cf4,2013
55a54b2d65ceb7cb02e74962,53e99fefb7602d97028cced8,2012
55a54c7b65ceb7cb02e77190,53e9b5d4b7602d9704120ee6,2012
55a54c7c65ceb7cb02e7721f,53e9b762b7602d970430581b,2013
55a54d5365ceb7cb02e789fd,53e9a6a5b7602d9702fd6e21,2014
55a550a665ceb7cb02e7f1c6,53e9a051b7602d9702933615,2013
55a5518465ceb7cb02e805b8,53e9aa9cb7602d9703414715,2013
55a5529265ceb7cb02e84952,55a3e6b465ce5cd7b3bc2beb,2013
55a553a465ceb7cb02e864a6,53e9acf6b7602d97036d1966,2013
55a553a565ceb7cb02e868cc,53e9b903b7602d97044e88b4,2013
55a555d365ceb7cb02e8b8ab,53e9a455b7602d9702d74316,2013
55a556a865ceb7cb02e8cab9,53e998cdb7602d970210630a,2013
55a5573165ceb7cb02e8ed4e,55a3deda65ce5cd7b3bad756,2013
55a5585b65ceb7cb02e90ae8,53e9bca6b7602d9704925d60,2013
55a55d1065ceb7cb02e9a274,53e9b968b7602d970455980e,2013
55a55e6c65ceb7cb02e9e0af,53e9a2d5b7602d9702bdd1e1,2013
55a55ead65ceb7cb02e9f2c8,55a5285bc91bf3b1cc504f9e,2013
55a57b86612c6b12ab1e1f52,53e9b4e4b7602d970400e57c,2003
55a57bd6612c6b12ab1e3b59,55a4aac3612ca648689f5789,2004
55a58665612c6b12ab2022aa,53e9b54fb7602d9704084a5a,2003
55a59663612c6b12ab25298e,53e9a407b7602d9702d1f251,2004
55a59936612c6b12ab25a54b,55a476a3612ca64868975c98,2004
55a59bf8612c6b12ab262de2,53e9b621b7602d97041775f2,2004
55a5a754612c6b12ab28dfe9,55a46601612ca64868951eac,2004
55a5aa24612c6b12ab298762,53e9a12ab7602d9702a18ae3,2004
55a5ac09612c6b12ab29d6d0,55a4e1f2612c6b12aafcd8a6,2004
55a5bdba612c6b12ab2ca073,53e99eb5b7602d970277f5b5,2004
55a5c6ba65ce60f99bf5352c,53e9a62eb7602d9702f5ce14,2013
55a5c7ec65ce60f99bf55414,55a5287b65ceb7cb02e2e703,2013
55a5c9f4612c6b12ab2db6d5,56d872a1dabfae2eee003113,2004
55a5ca4465ce60f99bf573ca,53e9a618b7602d9702f486c6,2013
55a5cb8365ce60f99bf5825f,55a50157c91bf3b1cc4c382f,2013
55a5cbba65ce60f99bf5918a,53e9a2b9b7602d9702bbf220,2013
55a5ccc465ce60f99bf5aa56,55a4071065ce5cd7b3c0f5fa,2013
55a5ce0d65ce60f99bf5bf12,55a3975cc91b587b095be25b,2013
55a5ce8065ce60f99bf5d983,53e99db7b7602d9702673ed5,2013
55a5ce8065ce60f99bf5db1e,55a3a32dc91b587b095d8ac9,2014
55a5ce8165ce60f99bf5e052,53e9b7c7b7602d970436ffe8,2013
55a5cf7c65ce60f99bf5f30f,55a4ca82c91bf3b1cc46d48a,2013
55a5cfb765ce60f99bf607a0,55a49b3e65ceb7cb02d37282,2013
55a5d0b165ce60f99bf61606,55a3ef1165ce5cd7b3bda957,2013
55a5d2c165ce60f99bf63375,55a4a6b1c91bf3b1cc4254ce,2013
55a5d2c365ce60f99bf63ae1,53e99ed1b7602d970279b9e6,2014
55a5d30065ce60f99bf653c3,55a5e47e612c6b12ab30f09d,2013
55a5d43165ce60f99bf67c73,53e9aadfb7602d970345ba9c,2013
55a5d4bb65ce60f99bf6a1a3,53e9aad2b7602d9703452117,2014
55a5daff612c6b12ab2f9a0f,53e9a525b7602d9702e485c2,2005
55a5db00612c6b12ab2f9e9f,55a587d9612c6b12ab207c1c,2005
55a5e1a1612c6b12ab3066dc,53e998b0b7602d97020e9e0b,2004
55a5e235612c6b12ab308ebe,55a516db612c6b12ab037287,2005
55a5e47e612c6b12ab30f09d,55a47f3f612ca64868988c28,2005
55a5e4ee65cead59c82e9e31,55a46658c91b587b097ab338,2013
55a5e55a65cead59c82eba6b,53e9aa6db7602d97033e288f,2013
55a5e55c65cead59c82ec160,55a4b0a2612ca64868a0248f,2013
55a5e7df65cead59c82f0bef,55a4c9e5c91bf3b1cc46b7b4,2013
55a5e81965cead59c82f1245,53e9ae22b7602d970383752b,2013
55a5ea6965cead59c82f6438,55a3e5bd65ce5cd7b3bbe109,2014
55a5ea6a65cead59c82f6622,55a3df0b65ce5cd7b3bae0ce,2014
55a5ea9d65cead59c82f78fb,55a4603d65ce31bc87789d10,2013
55a5eb7265cead59c82f7bab,55a3b60fc91b587b095feffa,2013
55a5eba465cead59c82f8f63,53e9a36db7602d9702c76974,2013
55a5ebda65cead59c82fa99a,53e9a584b7602d9702eafb6f,2013
55a5ed4f65cead59c82fe8fe,53e9a7c0b7602d97030fbf18,2014
55a5ed7d65cead59c82ff9d5,55a46339c91b587b097a2855,2013
55a5edba65cead59c83007a4,55a4f80f65ceb7cb02dd61dd,2013
55a5edf065cead59c83018cc,53e9bd11b7602d970499ca1c,2013
55a5ee6565cead59c830496d,55a4f59a65ceb7cb02dd2370,2013
55a5eee665cead59c830507b,55a59c48612c6b12ab26418c,2013
55a5eee765cead59c8305433,53e9a974b7602d97032cf038,2013
55a5ef43c91ba91c7d939314,55a3e827c91b587b096662b7,2010
55a5f0a865cead59c830b08b,53e99dd3b7602d9702691e83,2013
55a5f22f65cead59c830fd90,55a47a9e65ce31bc877c6949,2012
55a5f35865cead59c8311d5b,53e9af7bb7602d97039c13ad,2014
55a5f35865cead59c8311d5b,53e9b51bb7602d970404d2c6,2014
55a5f44965cead59c8312eae,53e9bcfcb7602d9704980e0b,2013
55a5f44965cead59c8312f6f,53e9b79fb7602d970434a19d,2016
55a5f47c65cead59c83140eb,55a4e3e165ceb7cb02db33d6,2014
55a5f66365cead59c8317efb,53e9a77bb7602d97030b7a5a,2013
55a5f66365cead59c831812d,55a4005365ce5cd7b3bffe0a,2014
55a5f89365cead59c831b0ad,55a3fd2cc91b587b096911ae,2014
55a5fb6065cead59c8320646,53e9a216b7602d9702b1b58b,2013
55a5fcc165cead59c8321ca8,55a50d68c91bf3b1cc4d7b19,2014
55a5fe0665cead59c8323279,55a4e41c65ceb7cb02db459e,2014
55a5ff3f65cead59c8324823,53e9bb61b7602d97047a3095,2013
55a5ff3f65cead59c8324823,55a4842065ce31bc877d6a19,2013
55a6048165cead59c832b9ad,55a47ad565ce31bc877c7fd6,2014
55a6048365cead59c832bfe5,53e9a8e3b7602d9703231d3e,2015
55a605b065cead59c832cf9f,56d872a1dabfae2eee003113,2014
55a605b065cead59c832cf9f,53e9a03bb7602d9702922776,2014
55a608f865cead59c83317b7,53e9b145b7602d9703bc62f4,2014
55a608f865cead59c83317b7,53e9bc79b7602d97048fac5e,2014
55a60baf65cead59c8334f8e,55a4795965ce31bc877c2fd0,2014
55a60baf65cead59c8334f8e,55a3ed7065ce5cd7b3bd4ccc,2014
55a60c3565cead59c8337845,53e9aa24b7602d970339551c,2014
55a60e4a65cead59c8339730,55a5a241612c6b12ab278b55,2014
55a60e4b65cead59c8339b26,55a536ae65ceb7cb02e49377,2013
55a60e9165cead59c833a894,53e9a584b7602d9702eafb6f,2014
55a60fd165cead59c833bb31,55a3e7f665ce5cd7b3bc5d3d,2013
55a6113b65cead59c833c7ac,55a4779365ce31bc877bd278,2015
55a6113e65cead59c833d2a9,53e9b6fab7602d9704290ceb,2014
55a613ab65cead59c833dfd2,54890fc245ce471f90ab7b77,2014
55a613ab65cead59c833dfd2,55a3b7f165ce5cd7b3b4d63b,2014
55a6214b65cead59c83409e3,53e9b483b7602d9703f8a801,2014
55a63ff665ce054aad61a7ea,53e99db1b7602d970266e83f,2014
55a6411c65ce054aad61ca49,55a526d065ceb7cb02e29662,2014
55a6415365ce054aad61d59e,53e9a4dcb7602d9702dfa8f9,2014
55a6415365ce054aad61d710,55a511c565ceb7cb02dfe55c,2014
55a646e065ce054aad62951d,55a46ee1c91b587b097b9995,2014
55a6480365ce054aad62b724,53e9a790b7602d97030cab5d,2014
55a6488865ce054aad62e651,53e9b9e1b7602d97045d7ac0,2014
55a64a2d65ce054aad632335,53e9b2b1b7602d9703d57ff1,2014
55a64a6b65ce054aad6336c3,53e99ed1b7602d9702798dd0,2014
55a64bde65ce054aad63670a,53e9b511b7602d9704043043,2014
55a64bde65ce054aad636972,55a46339c91b587b097a2855,2014
55a64d2265ce054aad63921a,53e99bd5b7602d970247fee3,2014
55a64d5565ce054aad639d67,55a52a11c91bf3b1cc50744b,2014
55a64d5565ce054aad639d67,55a49c1a65ceb7cb02d3b767,2014
55a64d9065ce054aad63b5e1,5390b63320f70186a0f16775,2014
55a64d9165ce054aad63b7e7,53e9998bb7602d97021ce8fd,2014
55a64dcc65ce054aad63c1e9,53e9bac9b7602d97046f6529,2014
55a64dcd65ce054aad63c3fe,53e9bb1cb7602d97047558c4,2014
55a64e5165ce054aad63e591,53e9aa15b7602d9703380a29,2014
55a64f7c65ce054aad640716,53e9bbadb7602d97047f631d,2014
55a64f8065ce054aad640bb5,55a5d9fe612c6b12ab2f6320,2015
55a64f8365ce054aad64154b,55a50419c91bf3b1cc4c912f,2014
55a650a965ce054aad642e81,55a51cf465ceb7cb02e147e4,2014
55a6519465ce054aad6440aa,53e9a396b7602d9702ca71a6,2014
55a6519465ce054aad6440aa,55a58908612c6b12ab20b7a4,2014
55a651d665ce054aad645e32,53e9b527b7602d970405afa7,2014
55a655e265ce054aad64b5cc,55a525c665ceb7cb02e26fdc,2014
55a655e465ce054aad64bc3f,53e99f70b7602d9702841c37,2014
55a6561e65ce054aad64cc5a,56d89425dabfae2eee006eb8,2014
55a6561f65ce054aad64d102,55a3ec7765ce5cd7b3bd27d4,2014
55a6571865ce054aad64d9b8,55a3b621c91b587b096000a0,2014
55a658fd65ce054aad64fac8,55a3dfd365ce5cd7b3bb02ec,2014
55a65b2965ce054aad652492,53e9ac95b7602d970366e01a,2014
55a65b2a65ce054aad65262e,53e9b54fb7602d9704085db1,2014
55a65b3265ce054aad652d2a,5488e39c45ce147a86e36adb,2014
55a65c3065ce054aad653be9,55a4178165ce5cd7b3c3eec3,2014
55a65d3b65ce054aad654708,53e99c13b7602d97024c34f0,2015
55a65e6265ce054aad65744a,56d89edbdabfae2eee54e2f3,2014
55a65e6465ce054aad6578d1,53e9ac76b7602d970364b634,2014
55a6628a65ce054aad65db84,53e99ff5b7602d97028d8cec,2014
55a662c365ce054aad65efd3,53e9acbdb7602d970369d661,2013
55a662c365ce054aad65efd3,55a395a1c91b587b095bbdf0,2013
55a663c365ce054aad661164,56d83b24dabfae2eee601512,2014
55a663c365ce054aad661203,55a382ac65ce5cd7b3ad3de1,2014
55a6644365ce054aad662e7c,55a4f80e65ceb7cb02dd5d72,2014
55a6644765ce054aad663bfc,55a4c7db65ceb7cb02d853e1,2014
55a666c665ce054aad667d03,53e9bd2ab7602d97049b7f2d,2014
55a666c665ce054aad667d03,53e998e1b7602d970211e1a2,2014
55a6670165ce054aad668780,53e9a09fb7602d9702988965,2014
55a6670165ce054aad668780,55a3eaf165ce5cd7b3bcb775,2014
55a667f165ce054aad66a4f0,55a5313f65ceb7cb02e3e7f2,2014
55a667f265ce054aad66a6fd,55a3ce3c65ce5cd7b3b843a0,2014
55a6692565ce054aad66c05f,55a52d3c612c6b12ab05f233,2014
55a669ea65ce054aad66d55a,55a4bcd165ceb7cb02d73a0a,2014
55a66ae165ce054aad66f164,53e9bba7b7602d97047f21fe,2014
55a66ae465ce054aad66f92f,55a478b565ce31bc877c05ef,2014
55a66b6565ce054aad6716ef,55a4fd3a65ceb7cb02ddebd1,2014
55a66bdb65ce054aad67415b,53e9ba01b7602d970460202d,2014
55a66c1665ce054aad67575d,55a45cc3c91b587b09795745,2014
55a6703565ce054aad67c976,53e9a8d4b7602d9703223cf4,2014
55a6707065ce054aad67d927,53e998a2b7602d97020da8d4,2014
55a6707065ce054aad67da43,53e9ba76b7602d9704696bbc,2014
55a6707065ce054aad67da7f,55a4846a65ce31bc877d7278,2014
55a6717665ce054aad6826e5,53e9a937b7602d97032883b6,2013
55a671aa65ce054aad682f26,5488de0f45ce147a86de952a,2014
55a671aa65ce054aad682fd2,53e9a1e7b7602d9702ae5414,2014
55a671ab65ce054aad6831aa,53e9a23fb7602d9702b48967,2014
55a671ac65ce054aad68337a,55a4c61c65ceb7cb02d814e5,2014
55a672b065ce054aad683eb5,53e9a1d0b7602d9702ac9f26,2014
55a672b165ce054aad683f02,55a4a57665ceb7cb02d52d19,2014
55a676a865ce054aad68d5c5,55a3d429612ca648687a1727,2014
55a677cd65ce054aad68e140,53e9aeabb7602d97038d16f3,2014
55a678e165ce054aad68fd72,55a5f47e65cead59c83147fb,2014
55a678e165ce054aad68fd72,55a5f44c65cead59c831396b,2014
55a678e165ce054aad68fd72,55a5536765ceb7cb02e8591b,2014
55a678e265ce054aad68fe99,55a54f8765ceb7cb02e7d34e,2014
55a679b665ce054aad6907fa,53e9b4dab7602d9703fff5ce,2015
55a679be65ce054aad6910f2,53e9af5ab7602d970399a5ad,2014
55a67aa165ce054aad691813,55a510b365ceb7cb02dfcb55,2014
55a67b7d65ce054aad6933b1,55a52a11c91bf3b1cc507341,2014
55a67bf065ce054aad694ac0,53e9a64ab7602d9702f7a136,2014
55a67ce065ce054aad69657d,55a5fcc165cead59c8321ca8,2014
55a67ce165ce054aad6967bf,55a53dee65ceb7cb02e59133,2014
55a67dc065ce054aad6979c6,53e9b0ccb7602d9703b444d2,2014
55a6826f65ce054aad6a0604,55a498e965ceb7cb02d329c8,2014
55a682a565ce054aad6a203e,55a3f32c65ce5cd7b3be3448,2014
55a686dd65ce054aad6aa107,53e9a711b7602d9703046c5d,2014
55a686e065ce054aad6aa9b5,53e9a2ebb7602d9702bf33ab,2014
55a689ee65ce054aad6b0e3a,55a4ffa065ceb7cb02de30d2,2014
55a68bd665ce054aad6b2429,53e9b954b7602d970453e9ab,2014
55a68d6c65ce054aad6b7462,53e9b802b7602d97043b59b6,2014
55a68d6e65ce054aad6b7902,55a5287f65ceb7cb02e2f46d,2014
55a68da365ce054aad6b836c,55a455ee612ca648689270cd,2014
55a68da665ce054aad6b8bdd,53e9b1ffb7602d9703c97f2c,2014
55a68f5a65ce054aad6bce27,56d8375cdabfae2eee4923dd,2014
55a68f5b65ce054aad6bd250,55a4e3e165ceb7cb02db33d6,2014
55a6910165ce054aad6bef14,53e9b8b4b7602d970449152e,2014
55a6910165ce054aad6bf03a,53e9bb08b7602d970473e0a9,2014
55a691e765ce054aad6c056b,55a4e885c91bf3b1cc49b935,2014
55a6925f65ce054aad6c2df6,55a414efc91b587b096c2fa0,2012
55a6944665ce054aad6c604a,5390b63320f70186a0f16775,2014
55a6954065ce054aad6cb5f5,5488ea2945ce471f9091265b,2014
55a698b865ce054aad6d21f2,53e9a1e7b7602d9702ae5e9b,2014
55a698b965ce054aad6d250b,53e99984b7602d97021c585d,2014
55a698f365ce054aad6d3645,55a61ac565cead59c833f307,2014
55a699cb65ce054aad6d7c9c,55a399a8c91b587b095c314f,2014
55a69aa965ce054aad6d912a,53e9acf6b7602d97036d6e68,2014
55a69aa965ce054aad6d9169,53e9bd04b7602d970498aaee,2014
55a69adc65ce054aad6d964b,53e9bd4bb7602d97049dc514,2014
55a69ade65ce054aad6d9abd,55a553ef65ceb7cb02e883f8,2014
55a69c6c65ce054aad6dc627,53e9a7ffb7602d9703141e03,2014
55a69d1665ce054aad6dca6b,53e9b740b7602d97042d73c7,2014
55a69d1665ce054aad6dcc3d,55a4733165ce31bc877b27c7,2015
55a69d1665ce054aad6dcd4b,55a44f20c91b587b097723c6,2014
55a69d4f65ce054aad6de122,55a434cfc91b587b09714cd6,2014
55a69fa565ce054aad6e3a33,53e99b95b7602d970243d3f0,2015
55a6a2a665ce054aad6eb066,53e9b7b4b7602d970435fade,2014
55a6a31265ce054aad6ed9a2,5550492245ce0a409eb746ab,2014
55a6a31265ce054aad6ed9a2,55a4798e65ce31bc877c4401,2014
55a6a31265ce054aad6ed9a2,5390a63c20f70186a0e8132b,2014
55a6a3ff65ce054aad6efe4b,53e9a660b7602d9702f921aa,2014
55a6a72d65ce054aad6f6af2,55a486a865ce31bc877daccc,2015
55a6a72f65ce054aad6f6f1b,55a6692a65ce054aad66cb8f,2014
55a6a96565ce054aad6fbee3,55a643a865ce054aad621a4e,2014
55a6a96565ce054aad6fbee3,53e9b22db7602d9703cc74ed,2014
55a6a96865ce054aad6fc754,5489133845ce471f90b0c76e,2015
55a6aaa465ce054aad701748,5488e41045ce147a86e41623,2014
55a6ace265ce054aad708979,55a4f0ac612c6b12aafeb105,2015
55a6ae6765ce054aad70dcd0,55a3a33f65ce5cd7b3b228d6,2015
55a6affd65ce054aad711c90,55a3968ac91b587b095bd64c,2015
55a6b13765ce054aad7149db,55a57f80612c6b12ab1eec53,2015
55a6b16865ce054aad715773,53e9a937b7602d9703289719,2015
55a6b16d65ce054aad7166aa,53e9bd59b7602d97049ee83c,2015
55a6b46065ce054aad71f83b,55a3dfd365ce5cd7b3bb02ec,2015
55a6b4d565ce054aad721da1,55a467c365ce31bc87799723,2015
55a6b6da65ce054aad72685f,55a47068612ca64868968b80,2015
55a6b6dc65ce054aad726dea,55a5400bc91bf3b1cc531909,2015
55a6b72a65ce054aad727596,55a49de5612ca648689dd281,2015
55a6b7cc65ce054aad72959f,55a44df0612ca6486890fc54,2015
55a6b80b65ce054aad72a338,53e99f12b7602d97027df9a4,2015
55a6b8d965ce054aad72bb11,55a517c765ceb7cb02e095d5,2015
55a6babb65ce054aad72fd11,53e9b38fb7602d9703e73702,2015
55a6babe65ce054aad730572,55a3d429612ca648687a1727,2015
55a6bb7f65ce054aad733207,55a467c365ce31bc87799723,2015
55a6bbb365ce054aad734555,55a553a465ceb7cb02e864a6,2015
55a6bbb365ce054aad734555,53e9b394b7602d9703e76012,2015
55a6bbb465ce054aad734757,53e9bc5bb7602d97048d2ede,2015
55a6bbb465ce054aad734757,53e9af8eb7602d97039d9986,2015
55a6bc1265ce054aad7353ab,53e9a99cb7602d97032fa44c,2015
55a6bc1465ce054aad7358d0,55a3efe965ce5cd7b3bdb52b,2015
55a6bcc165ce054aad73906b,55a498e965ceb7cb02d329c8,2016
55a6bdca65ce054aad73b4cf,55a502ccc91bf3b1cc4c7a2f,2015
55a6be3f65ce054aad73e0dd,55a42e24c91b587b096fa955,2014
55a6be9a65ce054aad73f194,55a4cbbc65ceb7cb02d88e29,2014
55a6bf9f65ce054aad7415c7,55a492fd612ca648689b9bd6,2015
55a6bfd765ce054aad742b79,53e9ae0bb7602d97038143f4,2015
55a6bfda65ce054aad7436cc,55a59576612c6b12ab24e913,2015
55a6c00c65ce054aad7442be,55a4c8e165ceb7cb02d8605e,2015
55a6c00c65ce054aad74433e,55a443ddc91b587b09746c11,2015
55a6c00c65ce054aad74433e,55a596f1612c6b12ab254b34,2015
55a6c43865ce054aad74bf51,55a4cf44c91bf3b1cc4715b5,2015
55a6c47565ce054aad74def6,55a66ded65ce054aad676fc9,2016
55a6c47565ce054aad74def6,55a49877612ca648689c774f,2016
55a6c61765ce054aad753075,55a5347065ceb7cb02e44a34,2015
55a6c61c65ce054aad75406f,53e9a658b7602d9702f8aa68,2015
55a6c7c065ce054aad758f13,54890f8b45ce471f90ab284c,2015
55a6c7f365ce054aad759c78,55a3eaef65ce5cd7b3bcb07c,2016
55a6c98d65ce054aad75cbde,53e9bbc8b7602d97048152ff,2015
55a6cbe165ce054aad760583,55a39bb8c91b587b095c9079,2015
55a6cc4a65ce054aad762e4c,53e9a4d7b7602d9702df9a47,2015
55a6ccd365ce054aad76377e,55a4b27065ceb7cb02d67c09,2015
55a6ccd565ce054aad763caa,53e9bb08b7602d9704743d2b,2015
55a6cd3c65ce054aad766d71,53e9a73bb7602d97030715ec,2015
55a6cd6865ce054aad7673d6,53e9b60db7602d970416248c,2015
55a6cef665ce054aad76a8b9,5488de0445ce147a86de89ce,2015
55a6cef965ce054aad76b236,55a3a64565ce5cd7b3b2c77d,2015
55a6d16f65ce054aad76fead,53e9a03bb7602d9702922776,2015
55a6d1a165ce054aad770ac5,55a51acd65ceb7cb02e11530,2015
55a6d1a665ce054aad771997,53e9be86b7602d9704b46fda,2015
55a6d1da65ce054aad7726e4,53e9bcb3b7602d970492fedf,2015
55d0649869632219056899a6,53e9a22bb7602d9702b2f758,2015
562103010cf276a3be15e530,55a5052f65ceb7cb02deb227,2015
5621032d0cf276a3be15f770,53e9a36db7602d9702c76a4d,2015
5621032d0cf276a3be15f770,53e9a938b7602d970328b17c,2015
56210a0a0cf276a3be16000a,55a4d6ef612c6b12aafb661d,2015
562254930cf2ea0ff6ec5996,55a511c565ceb7cb02dfe5fd,2016
562254970cf2ea0ff6ec5a5f,55a4b77465ceb7cb02d6c573,2015
5627866cad865a7dd91ae514,55a6a1e365ce054aad6e92b0,2015
56278673ad865a7dd91ae84e,53e9a2b9b7602d9702bbf220,2015
562b90a00cf29e8f36324d8c,53e9be28b7602d9704ae7225,2015
562b90ab0cf29e8f36325197,53e9bd59b7602d97049ee83c,2015
562b90ad0cf29e8f36325222,53e9b81cb7602d97043cf400,2016
562f870c0cf20cb04932397c,53e9b6d6b7602d97042623be,2015
5630d6470cf22564a8112e7e,55a64a6d65ce054aad633cc4,2015
563227da0cf250e6a2bc0619,55a4028a65ce5cd7b3c04ef9,2015
563227e40cf250e6a2bc09d1,53e9b355b7602d9703e32995,2015
563379720cf29abc8ffc92de,55a4ae6765ceb7cb02d5ee7d,2015
56361c590cf248dacf934425,55a5fcc665cead59c8322c81,2015
5641f9c30cf2d6aaf6ffba16,55a4a57765ceb7cb02d5327a,2015
56434c300cf29201d45307ce,55a5edbb65cead59c8300c8b,2015
56449d3d0cf26c91ba9e3d33,55a4fd0565ceb7cb02dde68b,2015
56473fe20cf2dd26d834e7e7,55a4e41f65ceb7cb02db5126,2015
564b35a50cf25e4e03c87e53,55a4d9b8c91bf3b1cc48492f,2015
564de0730cf204b5a5cf4096,55a4ae6865ceb7cb02d5f46a,2015
564de07a0cf204b5a5cf4372,55a40df265ce5cd7b3c23e19,2015
564de2d00cf204b5a5cf4aa7,55a586ba612c6b12ab203fd1,2016
564f2aa60cf20a6ca224da9e,55a424efc91b587b096e46bf,2015
565710ef0cf20caa7d69582d,55a519ec612c6b12ab03bc52,2015
565711510cf20caa7d69635e,55a55e2365ceb7cb02e9cdf1,2015
565711b90cf20caa7d696eab,55a509f665ceb7cb02df24d3,2016
565711b90cf20caa7d696eab,55a6948665ce054aad6c746f,2016
565711cb0cf20caa7d69751f,53e9bd81b7602d9704a2374a,2016
565862660cf2ac45f629e335,55a4df9965ceb7cb02daa21d,2016
565ef9d70cf2a12620c226d9,55a5d7a6612c6b12ab2f2845,2015
567412470cf25cff3e0afe7a,55a4e84a65ceb7cb02dbb10d,2015
5683e4af0cf2e4f51e7af930,53e99ea7b7602d970276f454,2015
568e70180cf2711965671004,558bf0f084ae6766fdf02222,2015
569113190cf2cefab3ebde2e,55a5e2d0612c6b12ab30aa67,2016
5691135a0cf2cefab3ebea03,55503f4e45ce0a409eb2d604,2016
5691135a0cf2cefab3ebea03,55a682dd65ce054aad6a2498,2016
5697ab290cf28986c49b9dee,55a3e71bc91b587b09662a8d,2016
5697ab290cf28986c49b9dee,53e99db7b7602d9702673ed5,2016
5698fc900cf2305631d6b29f,53e99a14b7602d9702265a52,2014
569a4dda0cf23bf79797ce4d,55a55e2365ceb7cb02e9cdf1,2016
569f941a0cf28abcee574bc6,55a4934265ceb7cb02d260bf,2016
56a4d92f0cf256385ed384c7,53e9aef1b7602d970391dea5,2016
56a77c4f0cf20c8c25d0a5c7,55a4917665ceb7cb02d20aae,2016
56ab70cd0cf2c98bf5bc716b,55a6b80865ce054aad729c10,2016
56ac00cd0cf2a8c8f707aff4,55a3f44f65ce5cd7b3be754d,2011
56ad27250cf2a8c8f70dfc28,53e99cbcb7602d97025729ab,2013
56d8140bdabfae2eee6583a8,556f3d1c2401b4b38c2358a1,2015
56d8169adabfae2eee75c42f,53e9abcfb7602d9703584c28,2015
56d8169adabfae2eee75c601,56d86ca4dabfae2eeed34f86,2015
56d81735dabfae2eee794319,53e9a2b2b7602d9702bb8a5d,2011
56d81788dabfae2eee7b6d6d,53e9ba28b7602d9704631def,2014
56d817d0dabfae2eee7d638c,56d81c57dabfae2eee9cf85a,2016
56d8191edabfae2eee8717d8,55a3f44f65ce5cd7b3be7353,2014
56d8198edabfae2eee89fb98,55a474a165ce31bc877b5ad0,2013
56d819d3dabfae2eee8bc11f,53e9a878b7602d97031c78e9,2015
56d81a42dabfae2eee8e88a7,56d83aa0dabfae2eee5d00b8,2011
56d81a5edabfae2eee8f47f9,53e9be2eb7602d9704aeada4,2011
56d81af0dabfae2eee930d3b,53e99a85b7602d97022f7c3b,2006
56d81b30dabfae2eee9532b7,53e9be03b7602d9704ab4b6d,2015
56d81b44dabfae2eee95bc8a,55a3e5fe65ce5cd7b3bbf867,2014
56d81b44dabfae2eee95bc8a,5489101845ce471f90abf815,2014
56d81b4edabfae2eee96002e,53e99ed1b7602d970279c41e,2011
56d81cf8dabfae2eeea13a6f,53e9a178b7602d9702a67af4,2013
56d81d7edabfae2eeea4a385,56d81d82dabfae2eeea4bd82,2013
56d81da0dabfae2eeea596b0,53e9baf6b7602d970472d82d,2014
56d81dc6dabfae2eeea67fad,53e9aa48b7602d97033b52b3,2011
56d81dcddabfae2eeea6a4d7,53e9b4c3b7602d9703fdee23,2014
56d81df5dabfae2eeea78e39,53e9b708b7602d970429f640,2013
56d81e0fdabfae2eeea8223b,53e9a547b7602d9702e692bd,2011
56d81e11dabfae2eeea83139,5390ab8820f70186a0eaffdf,2015
56d81f16dabfae2eeeaf3b89,55a42bfdc91b587b096f4080,2013
56d81f7fdabfae2eeeb21d9a,53e9bd50b7602d97049e5384,2013
56d8205fdabfae2eeeb82633,53e9a618b7602d9702f45b18,2015
56d820f6dabfae2eeebc0380,53e99cbbb7602d970256c36c,2012
56d82105dabfae2eeebc5e83,53e9bb15b7602d970474e183,2009
56d82187dabfae2eeebfc022,53e9a618b7602d9702f48faf,2013
56d82238dabfae2eeec448be,55a6a47065ce054aad6f1b28,2015
56d82372dabfae2eeecc2599,53e9bd37b7602d97049c2ee6,2012
56d82396dabfae2eeecd18ba,53e9bb7fb7602d97047c1f8a,2013
56d823ebdabfae2eeecf2918,56d8516fdabfae2eee06187d,2014
56d82471dabfae2eeed2efca,53e9ac12b7602d97035d13cb,2014
56d8252fdabfae2eeed7e25a,56d83b58dabfae2eee6136eb,2015
56d82569dabfae2eeed952f0,53e9ac9bb7602d97036743a1,2013
56d8256cdabfae2eeed9671f,53e9af7ab7602d97039bcc5b,2013
56d82574dabfae2eeed99525,53e9b1c3b7602d9703c56e46,2014
56d825d2dabfae2eeedbf7a4,53e9bdbfb7602d9704a6af18,2016
56d82653dabfae2eeedf5e4f,53e9b0eeb7602d9703b6bedc,2015
56d826e1dabfae2eeee2c07e,5489136045ce471f90b0fcbd,2012
56d826e1dabfae2eeee2c07e,56d835b3dabfae2eee3e2bd7,2012
56d827b5dabfae2eeee7a5c8,55a3aff665ce5cd7b3b3ff22,2015
56d827c1dabfae2eeee7e9b1,53e99ed1b7602d970279b9e6,2015
56d8282edabfae2eeeea99e7,55a3aff665ce5cd7b3b3fce2,2015
56d8283ddabfae2eeeeafe36,55a3efc2c91b587b0967616f,2014
56d82867dabfae2eeeec0e76,53e9b95bb7602d9704546a17,2016
56d8287adabfae2eeeec81cb,53e9b527b7602d970405f36b,2013
56d828a4dabfae2eeeed847b,558c1a5f612c2ba45fe94d18,2013
56d82967dabfae2eeef22dee,53e9a5beb7602d9702eea904,2013
56d82987dabfae2eeef312d6,56d82987dabfae2eeef313a2,2012
56d82987dabfae2eeef313a2,56d82987dabfae2eeef312d6,2011
56d829bcdabfae2eeef450f7,53e9a751b7602d9703089bc5,2014
56d82a24dabfae2eeef6fecb,53e9adaab7602d97037a810f,2015
56d82a89dabfae2eeef98245,55a5ce8165ce60f99bf5e052,2015
56d82a9bdabfae2eeef9fbd2,53e9a658b7602d9702f8aabe,2012
56d82ac5dabfae2eeefae7f3,55a3f45165ce5cd7b3be7e0b,2015
56d82ac5dabfae2eeefae7f3,55a3a684c91b587b095e0118,2015
56d82b0adabfae2eeefcba9c,53e99867b7602d97020a27a2,2015
56d82b5edabfae2eeefec29a,53e9b7eeb7602d97043a0509,2012
56d82b9fdabfae2eee007809,55a4fd3a65ceb7cb02ddeb52,2014
56d82bb0dabfae2eee00e03b,53e9a335b7602d9702c3c675,2011
56d82be5dabfae2eee02555a,55a44427c91b587b09747a38,2012
56d82c3fdabfae2eee04b4ba,55a5d7a6612c6b12ab2f2845,2015
56d82c5adabfae2eee055300,55a6a43465ce054aad6f11cd,2015
56d82c78dabfae2eee05fbbe,53e9ad68b7602d970374e149,2014
56d82e34dabfae2eee113a65,55a5254765ceb7cb02e25822,2014
56d82e44dabfae2eee11a007,539095bb20f70186a0df2eab,2012
56d82e4edabfae2eee11db10,55a46fe865ce31bc877a934f,2014
56d82f23dabfae2eee1705fd,53e99f64b7602d97028361f5,2014
56d8316cdabfae2eee24f0ab,55a3f6ddc91b587b09685152,2015
56d832bfdabfae2eee2cfeb4,53e9bcdab7602d9704962aa0,2015
56d832e5dabfae2eee2df619,53e99ad0b7602d970235251b,2010
56d83360dabfae2eee307dc2,53e9bd7bb7602d9704a1a4ff,2014
56d8337ddabfae2eee312fbe,53e9a855b7602d970319fe36,2012
56d833ccdabfae2eee32d716,55a3e383c91b587b0965c054,2016
56d834c1dabfae2eee385ab8,53e99d13b7602d97025c75e2,2014
56d834e2dabfae2eee3919ee,53e9b153b7602d9703bd7b2b,2014
56d8351fdabfae2eee3a9acb,53e99e45b7602d970270c542,2013
56d8356ddabfae2eee3c740b,53e9b1f2b7602d9703c8a057,2015
56d8356ddabfae2eee3c740b,53e9b326b7602d9703df4244,2015
56d83579dabfae2eee3cc6cc,5488f04c45ce471f909528b3,2003
56d8357cdabfae2eee3cd7af,55a4b8dc612ca64868a17740,2005
56d836dcdabfae2eee460a47,56ae9d0c0cf2a8c8f7149300,2016
56d836dddabfae2eee461091,53e99c4bb7602d97024f7843,2015
56d83714dabfae2eee47614d,56d82685dabfae2eeee08280,2014
56d8373bdabfae2eee485145,53e9b326b7602d9703df4244,2016
56d8377bdabfae2eee49edb9,53e9ae5cb7602d9703873dc8,2014
56d83780dabfae2eee4a1264,53e9a14cb7602d9702a3b28c,2013
56d8379fdabfae2eee4aec84,53e9b4f5b7602d97040210cf,2013
56d837a3dabfae2eee4b0af2,53e9bb5ab7602d9704797086,2015
56d837b9dabfae2eee4b7e79,53e9b160b7602d9703be33dc,2011
56d83879dabfae2eee50057a,55a4033465ce5cd7b3c07e45,2015
56d83968dabfae2eee55d9ec,53e99baab7602d9702454665,2012
56d83968dabfae2eee55dad1,53e9ae17b7602d9703823883,2015
56d83a06dabfae2eee59754e,55a518df65ceb7cb02e0b9b2,2015
56d83a27dabfae2eee5a4c17,56d83a27dabfae2eee5a4c7b,2014
56d83b58dabfae2eee613926,55a3a63cc91b587b095df848,2007
56d83b67dabfae2eee6187a3,53e9b259b7602d9703cf953f,2010
56d83b77dabfae2eee61dd6b,53e9b281b7602d9703d2803a,2010
56d83ba1dabfae2eee62c043,53e9b436b7602d9703f2c9d3,2014
56d83bb7dabfae2eee6343d6,53e9ba84b7602d97046a6166,2013
56d83c18dabfae2eee65a525,56d83b4bdabfae2eee60f14a,2012
56d83c5bdabfae2eee674539,55a3b112c91b587b095f4a48,2015
56d83c80dabfae2eee6822d2,53e99cfcb7602d97025ae37b,2015
56d83c82dabfae2eee682a61,53e9a5c5b7602d9702eed5e6,2012
56d83c8cdabfae2eee686518,5488e1fc45ce147a86e0e042,2015
56d83ccbdabfae2eee6a0fd2,56d82deadabfae2eee0f7d35,2015
56d83cfadabfae2eee6b2e70,55a419dc65ce5cd7b3c447f6,2015
56d83cffdabfae2eee6b4f2e,55a67dbe65ce054aad697261,2015
56d83d27dabfae2eee6c2f1b,53e9b089b7602d9703af0944,2012
56d83d40dabfae2eee6cda33,55a4efe265ceb7cb02dc7423,2014
56d83d62dabfae2eee6da8fc,53e99eb4b7602d970277bcfa,2014
56d83df8dabfae2eee712d7d,55a6bc1365ce054aad7357f0,2015
56d83f98dabfae2eee7d4551,55a4e76f612c6b12aafda1ac,2009
56d83ff3dabfae2eee7ff5a5,53e9b9adb7602d97045a2b65,2005
56d8405edabfae2eee8372a3,55a46a87612ca6486895d728,2008
56d8413edabfae2eee89ed08,53e9b3b2b7602d9703e98299,2014
56d84173dabfae2eee8b93fb,53e99d81b7602d970263db49,2015
56d84204dabfae2eee901d73,53e9b421b7602d9703f16ee5,2012
56d84385dabfae2eee9b922e,53e9b895b7602d9704468fc2,2013
56d84520dabfae2eeea7eafc,56d85fd9dabfae2eee739bbd,2015
56d8458bdabfae2eeeab3b82,53e9be86b7602d9704b46ec7,2004
56d846f1dabfae2eeeb5c997,53e9a026b7602d970290d92e,2015
56d8472edabfae2eeeb770bb,53e9b077b7602d9703adc316,2011
56d848ebdabfae2eeec48aef,5390b56a20f70186a0f04e24,2015
56d84904dabfae2eeec55d1b,53e9a6f5b7602d970302da13,2012
56d849ccdabfae2eeecbb47b,5488e8aa45ce471f908f9246,2015
56d84adddabfae2eeed48eb1,55a4b95f65ceb7cb02d6f057,2016
56d84cc0dabfae2eeee38551,53e9acaeb7602d9703689d2a,2015
56d84d1ddabfae2eeee62356,55a4457fc91b587b0974e267,2015
56d84e1ddabfae2eeeedb56c,55a409ffc91b587b096acfbc,2010
56d84fb1dabfae2eeef93a9d,55a6490c65ce054aad630bf7,2015
56d85160dabfae2eee05add7,5488e40045ce147a86e3ef1f,2015
56d852dedabfae2eee11d772,53e9a289b7602d9702b90648,2015
56d85330dabfae2eee140886,53e99946b7602d9702186788,2013
56d853cadabfae2eee1873ae,558b5c26e4b031bae1fcf4ca,2015
56d8551bdabfae2eee21f7da,55a5a4c9612c6b12ab282cc8,2008
56d8594adabfae2eee41c831,55a4763665ce31bc877ba8a7,2014
56d859cddabfae2eee457948,55a526d465ceb7cb02e2a578,2015
56d85be0dabfae2eee559a33,53e9a4ebb7602d9702e0c345,2012
56d85c97dabfae2eee5b240f,53e9b86db7602d970443686b,2015
56d85e14dabfae2eee663250,55d069c3696322190568fb79,2016
56d85e70dabfae2eee68e426,55a5844e612c6b12ab1fbdde,2010
56d85f52dabfae2eee6fb0cb,53e9b4ceb7602d9703ff18c0,2014
56d8607bdabfae2eee78428a,55a57ee4612c6b12ab1eca0f,2007
56d86095dabfae2eee7911ed,53e9b350b7602d9703e26068,2008
56d86095dabfae2eee7911ed,55a3de64c91b587b09651871,2008
56d861f8dabfae2eee832b0b,53e9ba65b7602d9704686356,2015
56d8632adabfae2eee8bfe9b,53e999a5b7602d97021e950d,2015
56d8654bdabfae2eee9bc2bb,56d817d3dabfae2eee7d8048,2014
56d8659edabfae2eee9dcd26,53e9ad68b7602d97037526da,2008
56d865c7dabfae2eee9ef89c,5390ba3820f70186a0f36f47,2015
56d86926dabfae2eeeb89303,55a3d429612ca648687a1727,2011
56d86931dabfae2eeeb8ec2c,53e9bb79b7602d97047ba8ce,2015
56d86969dabfae2eeebaa07d,53e9ab1ab7602d97034a4060,2015
56d86a2ddabfae2eeec089e4,55a52e67c91bf3b1cc50dccb,2012
56d86a3cdabfae2eeec10058,5390ac1820f70186a0eb3253,2015
56d86ca9dabfae2eeed376b4,53e9bde9b7602d9704a9bede,2012
56d86e20dabfae2eeedebcf8,55a46179612ca64868949144,2014
56d86f4adabfae2eeee776ac,53e9a9f0b7602d970335907a,2013
56d87015dabfae2eeeeda519,53e9b954b7602d970453e9ab,2016
56d8717adabfae2eeef8401b,53e9bd92b7602d9704a3c3f7,2010
56d871dadabfae2eeefb1250,53e9a675b7602d9702fa3155,2005
56d871e3dabfae2eeefb4eea,53e9af6eb7602d97039b3c76,2012
56d87408dabfae2eee0aa3dd,53e9bd04b7602d970498b68b,2009
56d87462dabfae2eee0d2f4e,53e9ab6fb7602d9703512637,2011
56d87549dabfae2eee139580,548913b545ce471f90b14fce,2012
56d875a1dabfae2eee1603db,53e9ac76b7602d970364be63,2013
56d875c2dabfae2eee16efa0,53e99b5db7602d97024013d1,2023
56d875e5dabfae2eee17deb2,55a3c732c91b587b096226ce,2008
56d87806dabfae2eee26cad8,53e9ad47b7602d970372bd06,2015
56d8783adabfae2eee280e27,53e9a6aeb7602d9702fe3b77,2015
56d878d4dabfae2eee2c20a2,53e99a7fb7602d97022f2335,2011
56d878d8dabfae2eee2c408a,53e9b289b7602d9703d2ef59,2013
56d87b79dabfae2eee3eacc3,53e9a667b7602d9702f9902e,2014
56d87d09dabfae2eee49bb71,53e9bbf5b7602d9704850228,2013
56d87d2bdabfae2eee4a9580,53e9b86db7602d970443bccf,2012
56d87d2bdabfae2eee4a9580,53e9b195b7602d9703c1dc5b,2012
56d87d6cdabfae2eee4c66e7,53e9af46b7602d9703982537,2012
56d87de0dabfae2eee4f867d,55465ea40cf2939c2feebdbc,2018
56d87ef1dabfae2eee578b4a,53e9b0bcb7602d9703b2cf43,2013
56d87fc0dabfae2eee5dd652,53e99b63b7602d9702405606,2015
56d8808bdabfae2eee642beb,53e9a77bb7602d97030b6552,2012
56d882dbdabfae2eee762cb2,53e9b833b7602d97043ef43e,2014
56d88492dabfae2eee82c9d3,53e99893b7602d97020cda97,2011
56d88513dabfae2eee869eaa,53e997fcb7602d9702008be9,2015
56d88581dabfae2eee8a2353,55a4e3e265ceb7cb02db34d5,2013
56d886f6dabfae2eee95a5f2,55a3b434c91b587b095fba1b,2014
56d88746dabfae2eee984332,55a556ef65ceb7cb02e8d724,2015
56d88800dabfae2eee9e284e,53e9ac05b7602d97035c3f01,2011
56d88836dabfae2eee9fb32a,53e99832b7602d970205611d,2015
56d88a42dabfae2eeeb05ec4,53e99a85b7602d97022f7c3b,2014
56d88c12dabfae2eeebf84ba,56d8397edabfae2eee565eeb,2011
56d88cdbdabfae2eeec5e985,53e9b641b7602d970419bb05,2008
56d88d00dabfae2eeec72704,53e99827b7602d970204a90f,2016
56d88edfdabfae2eeed6a372,53e9b954b7602d970453e9ab,2013
56d89135dabfae2eeee9801f,53e9b0a5b7602d9703b0f271,2013
56d891e4dabfae2eeeeecb3d,55a3dd0f65ce5cd7b3ba9625,2015
56d89425dabfae2eee006eb8,53e99dd4b7602d9702696195,2011
56d89468dabfae2eee028c02,53e9afc0b7602d9703a0e655,2014
56d89543dabfae2eee0988db,53e9a131b7602d9702a20b16,2012
56d895a6dabfae2eee0cad54,55a4d6da65ceb7cb02d99127,2015
56d896eedabfae2eee16da60,56d8518bdabfae2eee06f2fb,2015
56d897c4dabfae2eee1d9baa,53e9b39db7602d9703e81bb3,2014
56d89824dabfae2eee208c7a,53e9afe1b7602d9703a3901f,2011
56d89839dabfae2eee2135f7,55a4536cc91b587b0977d7ac,2011
56d89839dabfae2eee2135f7,53e9a4e4b7602d9702e02995,2011
56d89840dabfae2eee217131,53e9be2db7602d9704ae76a1,2006
56d8993bdabfae2eee28fbf4,53e9b850b7602d9704415a18,2013
56d8993bdabfae2eee28fbf4,53e99c67b7602d970251763c,2013
56d8993bdabfae2eee28fbf4,53e9a034b7602d97029166a0,2013
56d89a2edabfae2eee3059af,53e9b954b7602d970453e9ab,2011
56d89a83dabfae2eee3306ff,53e9b2dbb7602d9703d8e7c0,2013
56d8a0f7dabfae2eee650179,55a3f12f65ce5cd7b3bdf89f,2013
56d8a33adabfae2eee75e211,53e9bb72b7602d97047b7c7e,2012
56d8a3d0dabfae2eee7adbc8,55a4cc13612c6b12aafa5616,2014
56d8a3e7dabfae2eee7b7c34,53e9ab3eb7602d97034d0194,2012
56d8a505dabfae2eee843315,53e9b296b7602d9703d409be,2015
56d8a519dabfae2eee84d333,5488e40045ce147a86e3ef1f,2014
56d8a53bdabfae2eee85ee6c,56d82d6ddabfae2eee0c60de,2015
56d8a69edabfae2eee90cd84,55a45171612ca64868917f94,2012
56d8a6c7dabfae2eee9213c0,55a3f7a965ce5cd7b3bec7e6,2014
